City_ID,City,Country,Date,Lat,Lng,Max Temp,Humidity,Cloudiness,Wind Speed
0,Visby,SE,2019-11-06 00:52:55,57.64,18.3,279.26,75,100,7.2
1,Lexington,US,2019-11-06 00:51:49,38.05,-84.5,281.15,93,1,1.75
2,Esperance,AU,2019-11-06 00:52:56,-33.86,121.89,289.15,59,90,7.2
3,Norman Wells,CA,2019-11-06 00:52:56,65.28,-126.83,262.15,78,40,2.1
4,Vardo,US,2019-11-06 00:52:56,39.62,-77.74,286.15,57,90,4.1
5,Ribeira Grande,PT,2019-11-06 00:52:56,38.52,-28.7,288.19,70,72,2.03
6,Aklavik,CA,2019-11-06 00:52:56,68.22,-135.01,263.15,72,75,2.1
7,Albany,US,2019-11-06 00:52:56,42.65,-73.75,283.15,61,90,8.2
8,Punta Arenas,CL,2019-11-06 00:52:57,-53.16,-70.91,278.15,100,75,4.1
9,Carnarvon,ZA,2019-11-06 00:52:57,-30.97,22.13,292.92,36,1,2.66
10,Mataura,NZ,2019-11-06 00:52:57,-46.19,168.86,288.31,68,88,2.91
11,Rikitea,PF,2019-11-06 00:52:57,-23.12,-134.97,298.46,71,56,1.89
12,Kajaani,FI,2019-11-06 00:52:57,64.22,27.73,265.15,92,90,2.6
13,East London,ZA,2019-11-06 00:52:57,-33.02,27.91,293.75,88,73,3.14
14,Nalut,LY,2019-11-06 00:52:57,31.86,10.98,293.72,36,0,3.05
15,Upernavik,GL,2019-11-06 00:52:58,72.79,-56.15,265.24,66,100,2.79
16,Hermanus,ZA,2019-11-06 00:52:58,-34.42,19.24,292.59,71,51,4.02
17,Georgetown,GY,2019-11-06 00:50:44,6.8,-58.16,301.15,88,40,6.2
18,Longyearbyen,NO,2019-11-06 00:52:58,78.22,15.63,260.15,71,75,0.5
19,Norrtalje,SE,2019-11-06 00:52:58,59.76,18.7,275.93,74,1,4.6
20,Tuktoyaktuk,CA,2019-11-06 00:52:58,69.44,-133.03,266.15,85,90,6.7
21,Kodiak,US,2019-11-06 00:52:59,39.95,-94.76,283.15,61,40,3.6
22,Lebu,ET,2019-11-06 00:52:59,8.96,38.73,284.15,76,20,4.1
23,Port Elizabeth,US,2019-11-06 00:52:59,39.31,-74.98,286.48,87,90,1.49
24,Saint-Augustin,CA,2019-11-06 00:52:59,45.63,-73.98,280.37,86,20,3.6
25,Bad Doberan,DE,2019-11-06 00:52:59,54.11,11.9,280.37,93,90,2.6
26,Sioux Lookout,CA,2019-11-06 00:51:06,50.1,-91.92,265.15,67,90,4.6
27,Puerto Ayora,EC,2019-11-06 00:53:00,-0.74,-90.35,296.15,78,75,1.5
28,New Norfolk,AU,2019-11-06 00:53:00,-42.78,147.06,290.93,25,10,9.8
29,Busselton,AU,2019-11-06 00:53:00,-33.64,115.35,291.48,42,16,2.28
30,Minas,UY,2019-11-06 00:49:26,-34.38,-55.24,288.15,58,0,2.6
31,Moose Factory,CA,2019-11-06 00:53:01,51.26,-80.61,264.15,72,75,3.6
32,Ushuaia,AR,2019-11-06 00:53:01,-54.81,-68.31,275.15,97,75,4.1
33,Te Anau,NZ,2019-11-06 00:53:01,-45.41,167.72,281.68,89,25,0.63
34,Victoria,BN,2019-11-06 00:53:01,5.28,115.24,297.15,94,75,2.6
35,Leningradskiy,RU,2019-11-06 00:53:01,69.38,178.42,263.76,75,44,3.57
36,Jamestown,AU,2019-11-06 00:53:01,-33.21,138.6,293.72,32,25,7.9
37,Tuatapere,NZ,2019-11-06 00:53:01,-46.13,167.69,290.12,50,0,1.5
38,Vana-Vigala,EE,2019-11-06 00:53:02,58.78,24.25,275.37,71,100,1.34
39,Kiomboi,TZ,2019-11-06 00:53:02,-4.28,34.41,291.65,65,0,5.22
40,Ponta Do Sol,BR,2019-11-06 00:53:02,-20.63,-46.0,294.96,84,80,0.41
41,Nanortalik,GL,2019-11-06 00:53:02,60.14,-45.24,275.37,88,75,10.25
42,Jackson,US,2019-11-06 00:53:03,43.48,-110.76,281.15,60,1,1.21
43,Rimavska Sobota,SK,2019-11-06 00:53:03,48.38,20.02,282.04,81,100,0.45
44,Havre-Saint-Pierre,CA,2019-11-06 00:53:03,50.23,-63.6,280.15,93,90,6.7
45,Valparaiso,US,2019-11-06 00:53:03,41.47,-87.06,276.15,48,1,2.1
46,Paamiut,GL,2019-11-06 00:53:03,61.99,-49.67,273.73,96,100,3.14
47,Atuona,PF,2019-11-06 00:53:04,-9.8,-139.03,300.44,73,20,9.46
48,Obigarm,TJ,2019-11-06 00:53:04,38.72,69.71,273.52,90,49,1.05
49,Sitka,US,2019-11-06 00:53:04,37.17,-99.65,282.59,56,0,4.02
50,Avera,US,2019-11-06 00:53:04,33.19,-82.53,293.15,88,1,2.89
51,Khani,GE,2019-11-06 00:53:04,41.96,42.96,280.15,75,51,3.6
52,Lamesa,US,2019-11-06 00:53:04,32.74,-101.95,288.15,54,1,4.1
53,Butaritari,KI,2019-11-06 00:53:04,3.07,172.79,302.06,76,0,5.0
54,Mareeba,AU,2019-11-06 00:53:05,-16.99,145.42,304.82,52,40,7.2
55,Luwuk,ID,2019-11-06 00:53:05,-0.95,122.79,300.56,73,97,6.0
56,Pevek,RU,2019-11-06 00:53:05,69.7,170.27,263.54,80,85,2.15
57,Beidao,CN,2019-11-06 00:53:05,34.57,105.89,281.45,88,100,0.49
58,Lahij,YE,2019-11-06 00:53:05,13.06,44.88,299.16,68,0,2.71
59,Yellowknife,CA,2019-11-06 00:53:05,62.45,-114.38,261.15,72,75,1.0
60,Palauig,PH,2019-11-06 00:53:06,15.44,119.9,299.11,84,100,0.98
61,Port Hardy,CA,2019-11-06 00:53:06,50.7,-127.42,281.15,100,75,3.6
62,Rio Verde De Mato Grosso,BR,2019-11-06 00:53:06,-18.92,-54.84,303.24,44,88,3.08
63,Airai,TL,2019-11-06 00:53:06,-8.93,125.41,300.01,43,18,2.37
64,Saint Anthony,US,2019-11-06 00:53:06,43.97,-111.68,284.15,40,1,1.5
65,Teguise,ES,2019-11-06 00:53:07,29.06,-13.56,293.15,64,40,7.7
66,Pisco,PE,2019-11-06 00:53:07,-13.71,-76.2,291.15,77,0,7.7
67,Tiksi,RU,2019-11-06 00:53:07,71.64,128.87,250.66,97,90,0.82
68,Kaitangata,NZ,2019-11-06 00:53:07,-46.28,169.85,286.48,70,32,5.36
69,La Ronge,CA,2019-11-06 00:53:07,55.1,-105.3,264.15,72,75,6.7
70,Progreso,UY,2019-11-06 00:53:07,-34.68,-56.22,292.04,72,0,1.5
71,Bossangoa,CF,2019-11-06 00:53:07,6.5,17.45,294.32,66,68,0.76
72,Oranjemund,ZA,2019-11-06 00:53:08,-28.55,16.43,289.66,72,0,0.59
73,Camabatela,AO,2019-11-06 00:53:08,-8.19,15.37,290.36,98,100,1.75
74,Clyde River,CA,2019-11-06 00:53:08,70.47,-68.59,265.15,92,90,6.2
75,Dikson,RU,2019-11-06 00:53:08,73.51,80.55,255.61,80,97,6.08
76,Cabo San Lucas,MX,2019-11-06 00:50:02,22.89,-109.91,302.04,65,40,5.7
77,Bluff,AU,2019-11-06 00:53:08,-23.58,149.07,297.39,18,40,4.99
78,Roald,NO,2019-11-06 00:53:08,62.58,6.12,275.15,64,100,5.7
79,Vaini,IN,2019-11-06 00:53:09,15.34,74.49,293.15,100,40,1.59
80,Saint-Philippe,CA,2019-11-06 00:53:09,45.36,-73.48,280.37,75,1,8.2
81,Miraflores,PE,2019-11-06 00:53:09,-16.39,-71.52,288.15,62,75,2.1
82,Hami,CN,2019-11-06 00:53:09,42.84,93.51,279.55,36,78,0.97
83,Los Llanos De Aridane,ES,2019-11-06 00:53:09,28.66,-17.92,295.15,73,75,5.1
84,Sur,OM,2019-11-06 00:53:10,22.57,59.53,297.97,68,0,2.81
85,Faanui,PF,2019-11-06 00:53:10,-16.48,-151.75,300.67,71,4,3.49
86,Port Alfred,ZA,2019-11-06 00:53:10,-33.59,26.89,291.48,81,63,1.79
87,Lloydminster,CA,2019-11-06 00:53:10,53.28,-110.01,263.15,66,75,4.6
88,Mogocha,RU,2019-11-06 00:53:10,53.73,119.76,256.34,82,22,1.07
89,Graaff-Reinet,ZA,2019-11-06 00:53:10,-32.25,24.53,293.43,39,52,1.6
90,Kapaa,US,2019-11-06 00:53:10,22.08,-159.32,302.15,69,40,1.94
91,Nikolskoye,RU,2019-11-06 00:53:10,59.7,30.79,275.37,64,90,8.0
92,Ravar,IR,2019-11-06 00:53:10,31.27,56.81,282.32,48,0,3.4
93,Barrow,AR,2019-11-06 00:53:11,-38.31,-60.23,284.89,57,0,3.43
94,Morondava,MG,2019-11-06 00:53:11,-20.3,44.28,295.94,73,0,2.45
95,Erzin,TR,2019-11-06 00:53:11,36.95,36.2,289.26,71,0,1.59
96,Roebourne,AU,2019-11-06 00:53:11,-20.77,117.15,307.09,6,33,8.59
97,Okha,RU,2019-11-06 00:53:11,53.59,142.95,275.0,83,98,6.98
98,Fairbanks,US,2019-11-06 00:53:11,64.84,-147.72,266.48,78,90,1.5
99,Leh,IN,2019-11-06 00:53:12,34.16,77.58,267.71,49,85,1.93
100,Saldanha,PT,2019-11-06 00:53:12,41.42,-6.55,280.05,91,13,3.14
101,Omsukchan,RU,2019-11-06 00:53:12,62.53,155.8,263.96,96,100,6.16
102,Luanda,AO,2019-11-06 00:53:12,-8.83,13.24,296.15,88,75,3.6
103,Balkhash,KZ,2019-11-06 00:53:12,46.84,74.98,271.44,86,81,3.14
104,Shingu,JP,2019-11-06 00:53:12,33.72,135.99,288.15,47,0,2.6
105,Tooele,US,2019-11-06 00:53:12,40.53,-112.3,285.15,65,1,1.5
106,Cockburn Town,TC,2019-11-06 00:53:13,21.46,-71.14,301.04,77,0,6.71
107,Manokwari,ID,2019-11-06 00:53:13,-0.87,134.08,299.43,70,97,1.93
108,Cape Town,ZA,2019-11-06 00:49:26,-33.93,18.42,292.04,88,75,6.7
109,Zyryanka,RU,2019-11-06 00:53:13,65.73,150.89,255.16,94,100,7.43
110,Qaanaaq,GL,2019-11-06 00:53:13,77.48,-69.36,257.5,55,33,4.14
111,Garden City,US,2019-11-06 00:53:14,43.62,-116.24,287.15,37,1,2.1
112,Arraial Do Cabo,BR,2019-11-06 00:53:14,-22.97,-42.02,298.53,83,100,3.18
113,Bredasdorp,ZA,2019-11-06 00:53:14,-34.53,20.04,292.59,81,75,1.0
114,Daru,PG,2019-11-06 00:53:14,-9.07,143.21,301.9,63,19,3.74
115,Nuuk,GL,2019-11-06 00:52:32,64.17,-51.74,273.15,92,75,2.6
116,Khatanga,RU,2019-11-06 00:53:14,71.98,102.47,252.14,84,0,4.64
117,Lakhdenpokhya,RU,2019-11-06 00:53:14,61.52,30.2,273.15,54,100,3.98
118,Isangel,VU,2019-11-06 00:53:15,-19.55,169.27,303.15,55,75,2.6
119,Hasaki,JP,2019-11-06 00:53:15,35.73,140.83,289.26,58,20,2.1
120,Poum,MK,2019-11-06 00:53:15,41.28,20.71,281.85,88,2,1.76
121,Taltal,CL,2019-11-06 00:53:15,-25.41,-70.49,285.5,86,2,1.31
122,Bambous Virieux,MU,2019-11-06 00:53:15,-20.34,57.76,293.71,87,0,4.95
123,Guerrero Negro,MX,2019-11-06 00:53:15,27.97,-114.04,293.88,67,84,6.26
124,Garowe,SO,2019-11-06 00:53:15,8.41,48.48,296.42,84,100,3.19
125,Hillsborough,US,2019-11-06 00:50:13,37.57,-122.38,299.15,100,90,2.6
126,Umea,SE,2019-11-06 00:53:16,63.83,20.26,270.15,92,90,2.6
127,Port Hedland,AU,2019-11-06 00:53:16,-20.31,118.58,307.11,10,86,9.58
128,Hamburg,DE,2019-11-06 00:48:33,53.55,10.0,280.37,93,75,1.5
129,Albury,AU,2019-11-06 00:53:16,-36.08,146.92,292.59,37,40,3.6
130,Quelimane,MZ,2019-11-06 00:53:16,-17.88,36.89,296.15,88,20,1.0
131,Coromoro,CO,2019-11-06 00:53:17,6.3,-73.04,289.29,91,70,0.46
132,Longuenesse,FR,2019-11-06 00:53:17,50.74,2.25,284.26,93,40,0.5
133,Necochea,AR,2019-11-06 00:53:17,-38.55,-58.74,283.15,87,0,1.34
134,San Carlos De Bariloche,AR,2019-11-06 00:53:17,-41.13,-71.31,284.15,53,89,9.8
135,Dakar,SN,2019-11-06 00:51:47,14.69,-17.45,298.15,69,39,7.7
136,Smithers,CA,2019-11-06 00:53:17,54.78,-127.17,276.15,93,90,4.6
137,Marsa Matruh,EG,2019-11-06 00:53:18,31.35,27.25,296.35,71,0,3.18
138,Hobart,AU,2019-11-06 00:48:36,-42.88,147.33,290.93,25,1,9.8
139,Rapid Valley,US,2019-11-06 00:53:18,44.06,-103.15,278.71,100,90,2.36
140,Sambava,MG,2019-11-06 00:53:18,-14.27,50.17,294.98,88,83,1.33
141,Chokurdakh,RU,2019-11-06 00:53:18,70.62,147.9,254.33,96,84,1.67
142,Surgut,RU,2019-11-06 00:53:18,61.25,73.4,271.15,100,75,2.0
143,Ilulissat,GL,2019-11-06 00:53:18,69.22,-51.1,272.15,46,98,6.7
144,Ubinskoye,RU,2019-11-06 00:53:18,55.31,79.68,270.32,87,92,7.16
145,Port Lincoln,AU,2019-11-06 00:53:18,-34.72,135.86,290.78,44,1,8.27
146,Severo-Kurilsk,RU,2019-11-06 00:53:19,50.68,156.12,274.86,86,74,8.18
147,Kenai,US,2019-11-06 00:53:19,60.55,-151.26,276.48,74,90,7.7
148,Kuytun,RU,2019-11-06 00:53:19,54.34,101.51,265.61,89,85,2.5
149,Porto Novo,BR,2019-11-06 00:53:19,-23.68,-45.44,295.15,88,40,2.6
150,Lasa,CY,2019-11-06 00:53:19,34.92,32.53,292.15,59,0,4.1
151,Kavieng,PG,2019-11-06 00:53:19,-2.57,150.8,300.43,86,100,10.86
152,Thompson,CA,2019-11-06 00:53:19,55.74,-97.86,257.15,84,20,2.1
153,Limenaria,GR,2019-11-06 00:53:19,40.63,24.58,290.37,93,20,1.5
154,Rosita,NI,2019-11-06 00:53:19,13.92,-84.4,295.43,98,3,1.1
155,Provideniya,RU,2019-11-06 00:53:20,64.42,-173.23,270.15,73,21,5.0
156,Geraldton,CA,2019-11-06 00:53:20,49.72,-86.95,264.15,78,90,4.1
157,Karratha,AU,2019-11-06 00:53:20,-20.74,116.85,300.34,46,87,7.56
158,Muzhi,RU,2019-11-06 00:53:20,65.4,64.7,262.93,76,41,4.53
159,Mirandopolis,BR,2019-11-06 00:53:20,-21.13,-51.1,298.6,72,77,3.59
160,Samdari,IN,2019-11-06 00:53:20,25.81,72.58,297.96,37,95,3.37
161,Mahibadhoo,MV,2019-11-06 00:53:20,3.78,72.97,299.31,78,100,2.65
162,Grand Gaube,MU,2019-11-06 00:53:21,-20.01,57.66,293.71,87,0,4.84
163,Msowero,TZ,2019-11-06 00:53:21,-6.53,37.2,290.34,85,61,1.43
164,Namatanai,PG,2019-11-06 00:53:21,-3.66,152.44,301.57,71,100,2.16
165,Nyurba,RU,2019-11-06 00:53:21,63.29,118.35,249.7,94,33,1.64
166,Nova Olinda Do Norte,BR,2019-11-06 00:53:22,-3.89,-59.1,302.85,56,82,1.01
167,Chuy,UY,2019-11-06 00:53:22,-33.69,-53.46,286.52,65,0,3.07
168,Mumford,GH,2019-11-06 00:53:22,5.26,-0.76,296.99,94,0,0.7
169,Cocobeach,GA,2019-11-06 00:53:22,1.01,9.58,298.15,88,20,2.21
170,Hilo,US,2019-11-06 00:53:23,19.71,-155.08,302.15,66,1,4.1
171,Kyshtovka,RU,2019-11-06 00:53:23,56.56,76.62,271.6,74,100,7.65
172,Takoradi,GH,2019-11-06 00:53:23,4.89,-1.75,299.54,84,0,2.07
173,Deer Lake,CA,2019-11-06 00:53:23,49.18,-57.43,279.15,70,75,3.6
174,Okhotsk,RU,2019-11-06 00:53:23,59.36,143.24,267.44,72,52,10.16
175,Roma,IT,2019-11-06 00:50:19,41.89,12.48,291.15,77,40,2.1
176,Ygatimi,PY,2019-11-06 00:53:24,-24.08,-55.5,295.15,80,86,2.29
177,Nome,US,2019-11-06 00:53:24,30.04,-94.42,295.15,64,1,2.1
178,Taoudenni,ML,2019-11-06 00:53:24,22.68,-3.98,298.3,22,83,2.27
179,Sinnamary,GF,2019-11-06 00:53:24,5.38,-52.96,301.03,82,44,6.4
180,Hofn,IS,2019-11-06 00:53:25,64.25,-15.21,274.07,89,100,7.54
181,Tasiilaq,GL,2019-11-06 00:53:25,65.61,-37.64,274.15,64,100,14.4
182,Mar Del Plata,AR,2019-11-06 00:53:25,-46.43,-67.52,290.66,30,82,13.74
183,Leshukonskoye,RU,2019-11-06 00:53:25,64.9,45.76,264.41,96,8,1.19
184,Hervey Bay,AU,2019-11-06 00:53:25,-25.3,152.85,302.04,25,0,2.6
185,Saint George,GR,2019-11-06 00:53:26,39.45,22.34,284.15,93,20,1.54
186,Arkadelphia,US,2019-11-06 00:53:26,34.12,-93.05,290.15,82,1,2.6
187,Kolo,BA,2019-11-06 00:53:26,43.71,17.22,293.15,72,75,7.2
188,Banda Aceh,ID,2019-11-06 00:53:26,5.56,95.32,295.97,87,84,1.6
189,Kisesa,TZ,2019-11-06 00:53:26,-2.55,33.05,295.68,71,92,2.17
190,Cardston,CA,2019-11-06 00:53:26,49.2,-113.32,267.59,92,90,6.2
191,Baillif,GP,2019-11-06 00:53:27,16.02,-61.75,300.15,74,14,4.1
192,Ambilobe,MG,2019-11-06 00:53:27,-13.19,49.05,298.92,67,98,4.03
193,Acapulco,MX,2019-11-06 00:50:25,16.86,-99.88,302.15,79,75,2.1
194,Vanavara,RU,2019-11-06 00:53:27,60.35,102.28,258.82,83,100,3.21
195,Grindavik,IS,2019-11-06 00:53:27,63.84,-22.43,275.15,80,90,4.6
196,Tortosa,ES,2019-11-06 00:53:27,40.81,0.52,286.15,54,0,3.1
197,Yerofey Pavlovich,RU,2019-11-06 00:53:28,53.97,121.97,254.01,86,11,2.01
198,Lagoa,PT,2019-11-06 00:53:28,37.14,-8.45,287.15,82,0,4.1
199,Kudahuvadhoo,MV,2019-11-06 00:53:28,2.67,72.89,301.26,74,97,5.82
200,Rio Gallegos,AR,2019-11-06 00:53:28,-51.62,-69.22,279.15,75,40,5.7
201,Bethel,US,2019-11-06 00:53:28,60.79,-161.76,272.15,100,90,6.7
202,Wenling,CN,2019-11-06 00:53:29,28.38,121.38,292.04,77,13,0.45
203,Oron,NG,2019-11-06 00:53:29,4.81,8.23,296.91,93,89,0.58
204,Daitari,IN,2019-11-06 00:53:29,21.11,85.83,294.38,72,100,2.02
205,Constitucion,MX,2019-11-06 00:53:29,23.99,-104.67,295.15,43,90,5.1
206,Mahebourg,MU,2019-11-06 00:53:29,-20.41,57.7,293.71,87,8,2.69
207,Padang,ID,2019-11-06 00:53:30,-0.92,100.36,292.88,78,100,0.79
208,Lahaina,US,2019-11-06 00:53:30,20.87,-156.68,306.15,46,40,6.2
209,Mnogovershinnyy,RU,2019-11-06 00:53:30,53.94,139.92,271.1,97,100,5.12
210,Touros,BR,2019-11-06 00:53:30,-5.2,-35.46,298.15,78,75,3.1
211,Guiglo,CI,2019-11-06 00:53:30,6.55,-7.5,295.15,97,74,0.66
212,Rocha,UY,2019-11-06 00:53:30,-34.48,-54.34,283.42,68,0,2.1
213,Koroni,GR,2019-11-06 00:53:30,36.8,21.96,291.48,93,1,1.5
214,Bolivar,US,2019-11-06 00:53:30,37.61,-93.41,285.15,70,1,3.41
215,Hithadhoo,MV,2019-11-06 00:53:31,-0.6,73.08,300.75,74,25,4.14
216,Poindimie,NC,2019-11-06 00:53:31,-20.93,165.33,296.41,77,20,2.17
217,Larsnes,NO,2019-11-06 00:53:31,62.2,5.58,276.48,64,100,5.7
218,The Valley,AI,2019-11-06 00:53:31,18.22,-63.06,301.15,78,20,5.1
219,Yar-Sale,RU,2019-11-06 00:53:31,66.83,70.83,263.21,89,45,6.71
220,Meulaboh,ID,2019-11-06 00:51:40,4.14,96.13,300.05,78,62,4.59
221,Salalah,OM,2019-11-06 00:53:31,17.01,54.1,298.15,57,14,1.15
222,Pilar,AR,2019-11-06 00:53:22,-34.46,-58.91,295.15,60,0,1.09
223,Ballina,IE,2019-11-06 00:53:32,54.11,-9.15,278.71,94,32,0.84
224,Khadyzhensk,RU,2019-11-06 00:53:32,44.42,39.54,287.68,27,83,3.01
225,Barcelos,BR,2019-11-06 00:53:32,-0.97,-62.93,300.08,71,92,0.46
226,Bubaque,GW,2019-11-06 00:53:32,11.28,-15.83,302.14,76,18,4.42
227,Ahtopol,BG,2019-11-06 00:53:32,42.1,27.94,288.71,87,0,3.1
228,Birnin Kebbi,NG,2019-11-06 00:53:33,12.45,4.2,299.78,27,0,1.71
229,Tevaitoa,PF,2019-11-06 00:53:33,-16.78,-151.5,300.6,72,4,2.21
230,Pacific Grove,US,2019-11-06 00:53:33,36.62,-121.92,297.59,72,20,1.5
231,Hobyo,SO,2019-11-06 00:53:33,5.35,48.53,298.98,81,99,3.07
232,Thinadhoo,MV,2019-11-06 00:53:33,0.53,72.93,300.92,77,87,5.96
233,Narsaq,GL,2019-11-06 00:53:34,60.91,-46.05,274.15,74,96,0.88
234,San Cristobal,HN,2019-11-06 00:53:34,14.68,-86.92,292.84,90,30,1.21
235,Viseu,PT,2019-11-06 00:53:34,40.66,-7.91,287.04,96,0,1.34
236,Ixtapa,MX,2019-11-06 00:53:34,20.71,-105.21,302.15,79,20,4.6
237,Alibag,IN,2019-11-06 00:53:34,18.64,72.88,300.15,83,63,1.0
238,Saskylakh,RU,2019-11-06 00:53:34,71.97,114.09,250.1,97,72,2.38
239,Rosamorada,MX,2019-11-06 00:53:34,22.12,-105.21,299.8,82,75,0.96
240,Jiazi,CN,2019-11-06 00:53:34,19.61,110.49,293.15,94,92,1.0
241,Kaltasy,RU,2019-11-06 00:53:35,55.97,54.79,276.02,92,100,6.79
242,Vallenar,CL,2019-11-06 00:53:35,-28.58,-70.76,287.64,63,0,0.7
243,Eureka,US,2019-11-06 00:53:35,40.8,-124.16,287.59,100,90,3.1
244,Xuddur,SO,2019-11-06 00:53:35,4.12,43.89,294.3,97,100,3.07
245,Cartagena,ES,2019-11-06 00:53:35,37.63,-1.0,288.15,58,0,3.6
246,Okakarara,NA,2019-11-06 00:53:35,-20.59,17.46,298.4,31,69,2.55
247,Lengshuijiang,CN,2019-11-06 00:53:36,27.66,111.45,287.64,71,82,1.38
248,Genhe,CN,2019-11-06 00:53:36,50.78,121.52,259.57,67,90,1.4
249,Sao Joao Da Barra,BR,2019-11-06 00:53:36,-21.64,-41.05,298.54,82,54,7.17
250,Mayo,CA,2019-11-06 00:53:36,63.59,-135.9,254.15,77,40,1.5
251,Komsomolskiy,RU,2019-11-06 00:53:36,67.55,63.78,267.99,94,100,8.35
252,Ugrinovci,RS,2019-11-06 00:53:36,44.88,20.19,291.15,59,70,5.1
253,Beringovskiy,RU,2019-11-06 00:53:37,63.05,179.32,272.51,91,99,1.47
254,Deputatskiy,RU,2019-11-06 00:53:37,69.3,139.9,253.21,94,97,1.57
255,Kruisfontein,ZA,2019-11-06 00:53:37,-34.0,24.73,288.18,55,17,1.82
256,Soyo,AO,2019-11-06 00:53:37,-6.13,12.37,297.59,84,90,2.07
257,Asbe Teferi,ET,2019-11-06 00:53:37,9.08,40.87,289.71,59,95,2.27
258,Cherskiy,RU,2019-11-06 00:53:38,68.75,161.3,262.61,76,64,1.29
259,Gambela,ET,2019-11-06 00:53:38,8.25,34.59,295.48,83,89,2.66
260,Kupang,ID,2019-11-06 00:53:38,-10.16,123.6,305.15,55,20,3.1
261,Sola,TZ,2019-11-06 00:53:38,-3.17,33.8,294.51,64,42,2.84
262,Broken Hill,AU,2019-11-06 00:53:39,-31.97,141.45,299.15,13,0,7.7
263,Castro,CL,2019-11-06 00:53:39,-42.48,-73.76,280.52,96,95,2.43
264,Piney Green,US,2019-11-06 00:53:39,35.09,-78.48,290.37,100,1,0.46
265,Mulege,MX,2019-11-06 00:53:39,26.88,-111.98,298.38,46,76,2.67
266,Port Hueneme,US,2019-11-06 00:53:39,34.15,-119.2,299.26,68,1,3.1
267,Yevpatoriya,UA,2019-11-06 00:53:40,45.19,33.37,289.25,85,0,7.82
268,Bathsheba,BB,2019-11-06 00:53:40,13.22,-59.52,302.15,70,40,10.8
269,Lazarev,RU,2019-11-06 00:53:40,52.23,141.51,274.82,72,100,7.47
270,Westport,US,2019-11-06 00:53:40,41.14,-73.36,287.15,66,1,2.1
271,Deniliquin,AU,2019-11-06 00:53:40,-35.53,144.96,293.15,38,70,6.71
272,Kozhva,RU,2019-11-06 00:53:40,65.11,57.05,262.7,96,99,2.56
273,Unecha,RU,2019-11-06 00:53:41,52.85,32.69,283.04,83,100,4.71
274,Avarua,CK,2019-11-06 00:53:41,-21.21,-159.78,296.15,78,100,3.6
275,Kununurra,AU,2019-11-06 00:53:41,-15.77,128.74,307.15,13,92,5.1
276,Hudson Bay,CA,2019-11-06 00:53:41,52.86,-102.4,263.5,84,98,2.53
277,Kavaratti,IN,2019-11-06 00:53:41,10.57,72.64,300.42,82,19,5.69
278,Ancud,CL,2019-11-06 00:53:41,-41.87,-73.83,283.55,87,88,3.36
279,Soke,ML,2019-11-06 00:53:41,13.6,-5.94,302.39,27,17,2.58
280,Cochabamba,BO,2019-11-06 00:53:42,-17.39,-66.16,290.15,63,75,3.6
281,Dingle,PH,2019-11-06 00:53:42,11.0,122.67,300.63,80,81,4.09
282,Kodinsk,RU,2019-11-06 00:53:42,58.6,99.18,265.83,77,100,3.54
283,Sao Paulo De Olivenca,BR,2019-11-06 00:53:42,-3.38,-68.87,297.7,94,76,0.28
284,Detmold,DE,2019-11-06 00:53:42,51.94,8.88,282.15,87,75,3.6
285,Garachine,PA,2019-11-06 00:53:42,8.06,-78.36,300.38,77,100,1.3
286,Wewak,PG,2019-11-06 00:53:43,-3.55,143.63,299.91,81,100,1.7
287,Souillac,FR,2019-11-06 00:53:43,45.6,-0.6,282.15,93,0,2.1
288,Theog,IN,2019-11-06 00:53:43,31.12,77.36,278.78,81,0,0.9
289,Bacolod,PH,2019-11-06 00:53:43,10.68,122.95,299.21,85,93,4.61
290,Lavrentiya,RU,2019-11-06 00:53:43,65.58,-170.99,269.38,82,56,4.45
291,Ballangen,NO,2019-11-06 00:53:43,68.34,16.83,269.15,92,99,1.5
292,Portland,US,2019-11-06 00:53:40,43.66,-70.25,283.71,93,40,2.1
293,Dudinka,RU,2019-11-06 00:53:44,69.41,86.18,261.15,78,40,9.0
294,Krasnovishersk,RU,2019-11-06 00:53:44,60.4,57.08,273.37,98,100,1.8
295,Ylojarvi,FI,2019-11-06 00:53:44,61.56,23.6,266.15,73,25,4.1
296,Haapiti,PF,2019-11-06 00:53:44,-17.57,-149.87,304.15,62,20,4.6
297,Boende,CD,2019-11-06 00:53:44,-0.28,20.88,295.43,90,28,0.95
298,Rawson,AR,2019-11-06 00:53:44,-43.3,-65.11,290.36,43,0,9.52
299,Dushanbe,TJ,2019-11-06 00:53:45,38.58,68.79,279.15,70,90,2.0
300,Rongcheng,CN,2019-11-06 00:53:45,37.16,122.42,284.36,57,35,2.33
301,Awbari,LY,2019-11-06 00:53:45,26.59,12.77,295.9,24,0,4.35
302,Cayce,US,2019-11-06 00:53:45,33.97,-81.07,293.71,87,1,1.86
303,Coronado,PA,2019-11-06 00:53:45,8.53,-79.9,300.93,83,40,4.1
304,Praia Da Vitoria,PT,2019-11-06 00:53:46,38.73,-27.07,289.15,77,75,3.63
305,Alofi,NU,2019-11-06 00:53:46,-19.06,-169.92,299.15,57,20,6.2
306,Vezirkopru,TR,2019-11-06 00:53:46,41.14,35.45,280.15,81,0,1.96
307,Marawi,PH,2019-11-06 00:53:46,8.0,124.29,300.93,75,64,0.45
308,Port-Gentil,GA,2019-11-06 00:53:46,-0.72,8.78,299.9,82,97,3.94
309,Viani,CO,2019-11-06 00:53:46,5.76,-73.99,292.42,96,84,1.3
310,San Quintin,PH,2019-11-06 00:53:46,17.54,120.52,298.67,84,77,0.98
311,General Pico,AR,2019-11-06 00:53:46,-35.66,-63.75,291.65,19,0,1.86
312,Sao Filipe,CV,2019-11-06 00:53:47,14.9,-24.5,299.44,65,96,8.13
313,Yulara,AU,2019-11-06 00:53:47,-25.24,130.99,301.15,8,17,2.6
314,Adrar,DZ,2019-11-06 00:53:47,27.87,-0.29,295.15,24,0,4.6
315,Tilik,PH,2019-11-06 00:53:47,13.81,120.2,301.18,81,100,9.44
316,Gamba,CN,2019-11-06 00:53:47,28.28,88.52,268.61,55,0,0.54
317,Rabaul,PG,2019-11-06 00:53:47,-4.2,152.17,300.34,76,100,4.03
318,Mabaruma,GY,2019-11-06 00:53:47,8.2,-59.78,296.98,96,100,1.19
319,Sembakung,ID,2019-11-06 00:53:48,3.82,117.25,298.15,94,40,2.6
320,Basco,US,2019-11-06 00:53:48,40.33,-91.2,281.48,75,40,1.55
321,Yelizovo,RU,2019-11-06 00:53:48,53.19,158.38,279.15,60,75,1.0
322,Veraval,FR,2019-11-06 00:53:48,49.65,0.71,282.15,100,20,3.1
323,Caravelas,BR,2019-11-06 00:53:48,-17.73,-39.27,296.57,83,0,5.13
324,Lucea,JM,2019-11-06 00:53:48,18.44,-78.17,302.15,74,40,3.1
325,Vestmannaeyjar,IS,2019-11-06 00:53:48,63.44,-20.27,277.55,78,100,8.18
326,Chipata,ZM,2019-11-06 00:53:49,-13.64,32.65,294.12,71,69,1.65
327,Marzuq,YE,2019-11-06 00:53:49,14.4,46.47,289.67,48,6,0.45
328,Straumen,NO,2019-11-06 00:53:49,63.87,11.3,269.26,78,100,3.6
329,Mount Gambier,AU,2019-11-06 00:53:49,-37.83,140.78,289.15,55,75,11.8
330,Yerbogachen,RU,2019-11-06 00:53:49,61.28,108.01,253.18,93,57,2.07
331,Waitati,NZ,2019-11-06 00:53:49,-45.75,170.57,285.93,69,100,6.71
332,Comodoro Rivadavia,AR,2019-11-06 00:53:49,-45.87,-67.48,291.15,25,99,12.9
333,Liaozhong,CN,2019-11-06 00:53:50,41.51,122.73,274.15,47,80,2.0
334,Dicabisagan,PH,2019-11-06 00:53:50,17.08,122.42,299.44,87,99,2.84
335,Coihaique,CL,2019-11-06 00:53:50,-45.58,-72.07,284.15,53,75,4.6
336,Brits,ZA,2019-11-06 00:53:50,-25.63,27.78,293.15,56,8,5.1
337,Povenets,RU,2019-11-06 00:53:50,62.85,34.83,264.54,77,95,2.9
338,Jagdalpur,IN,2019-11-06 00:53:51,19.09,82.02,291.23,90,98,0.36
339,Palmira,CO,2019-11-06 00:53:51,3.53,-76.3,296.15,78,40,5.7
340,Brae,GB,2019-11-06 00:53:51,60.4,-1.35,274.15,71,100,1.5
341,Griffith,AU,2019-11-06 00:53:51,-34.29,146.06,297.59,25,10,9.8
342,Kamenka,MD,2019-11-06 00:53:51,48.03,28.7,282.59,79,25,3.35
343,Coruripe,BR,2019-11-06 00:53:51,-10.12,-36.18,297.95,81,10,6.44
344,Kondoa,TZ,2019-11-06 00:53:51,-4.91,35.78,290.12,84,31,3.29
345,Oistins,BB,2019-11-06 00:53:51,13.07,-59.53,302.15,70,40,10.8
346,Wuchi,CN,2019-11-06 00:53:51,29.38,103.02,278.44,99,100,1.5
347,Dzhebariki-Khaya,RU,2019-11-06 00:53:52,62.22,135.8,256.86,96,100,1.26
348,Lompoc,US,2019-11-06 00:49:21,34.64,-120.46,295.15,46,1,3.1
349,Port Blair,IN,2019-11-06 00:53:52,11.67,92.75,300.93,80,86,7.52
350,Catuday,PH,2019-11-06 00:53:52,16.29,119.81,298.67,87,100,1.88
351,Mehamn,NO,2019-11-06 00:53:52,71.03,27.85,271.72,75,98,4.2
352,Puerto Cabello,VE,2019-11-06 00:53:52,10.47,-68.01,300.21,83,55,4.95
353,Naze,NG,2019-11-06 00:53:53,5.43,7.07,296.15,100,75,1.26
354,San Roque,CO,2019-11-06 00:53:53,6.49,-75.02,289.15,87,75,1.5
355,Imuris,MX,2019-11-06 00:53:53,30.78,-110.86,295.79,38,57,2.67
356,Hambantota,LK,2019-11-06 00:53:53,6.12,81.12,295.15,100,20,1.76
357,Cidreira,BR,2019-11-06 00:53:53,-30.17,-50.22,292.9,80,100,6.9
358,Winslow,GB,2019-11-06 00:53:53,51.94,-0.88,281.48,93,73,5.1
359,Hay River,CA,2019-11-06 00:53:53,60.82,-115.79,266.15,73,75,4.1
360,Abu Samrah,SY,2019-11-06 00:53:53,35.3,37.18,289.75,61,0,2.26
361,Goderich,CA,2019-11-06 00:53:53,43.74,-81.71,278.71,52,78,6.43
362,Bonavista,CA,2019-11-06 00:53:54,48.65,-53.11,277.59,70,44,1.34
363,Luderitz,NA,2019-11-06 00:53:54,-26.65,15.16,290.15,63,78,7.2
364,Mayskiy,RU,2019-11-06 00:53:54,43.63,44.06,278.15,60,100,2.0
365,Yermish,RU,2019-11-06 00:53:54,54.77,42.27,282.56,81,89,5.92
366,Gopalpur,BD,2019-11-06 00:53:54,24.18,89.13,293.72,64,1,1.76
367,Iqaluit,CA,2019-11-06 00:53:54,63.75,-68.52,266.15,79,90,1.5
368,Athenree,NZ,2019-11-06 00:53:54,-37.47,175.92,297.59,72,100,2.68
369,Partenit,UA,2019-11-06 00:53:55,44.58,34.34,289.64,85,0,4.65
370,Tual,ID,2019-11-06 00:53:55,-5.67,132.75,300.32,75,100,4.91
371,Kuandian,CN,2019-11-06 00:52:10,40.73,124.78,276.66,54,99,2.19
372,Najran,SA,2019-11-06 00:53:55,17.54,44.22,290.15,39,0,1.0
373,Itarema,BR,2019-11-06 00:53:55,-2.92,-39.92,298.47,77,13,4.85
374,Pangai,TO,2019-11-06 00:53:55,-19.8,-174.35,299.15,65,20,5.1
375,Chake Chake,TZ,2019-11-06 00:53:55,-5.25,39.77,300.23,78,9,5.87
376,Wagar,US,2019-11-06 00:53:56,31.44,-87.99,290.93,77,32,2.36
377,Sept-Iles,CA,2019-11-06 00:50:02,50.2,-66.38,278.15,100,90,2.1
378,Wajir,KE,2019-11-06 00:53:57,1.75,40.07,299.68,69,86,5.63
379,Yumen,CN,2019-11-06 00:53:57,40.29,97.04,278.65,36,100,3.79
380,Roura,GF,2019-11-06 00:53:57,4.73,-52.33,300.15,83,46,2.1
381,Bonfim,GY,2019-11-06 00:53:57,3.36,-59.84,301.64,62,57,4.64
382,Lima,PE,2019-11-06 00:43:18,-12.06,-77.04,290.15,88,90,5.1
383,Allada,BJ,2019-11-06 00:53:58,6.67,2.15,300.15,88,20,2.6
384,Linxia,CN,2019-11-06 00:53:58,35.6,103.21,274.37,56,87,1.83
385,Benghazi,LY,2019-11-06 00:53:58,32.12,20.07,296.36,55,0,2.82
386,Prescott,US,2019-11-06 00:53:58,34.54,-112.47,295.15,19,40,3.1
387,Alta Floresta,BR,2019-11-06 00:53:58,-9.87,-56.08,296.2,94,96,1.47
388,Darnah,LY,2019-11-06 00:53:59,32.77,22.64,295.92,75,0,2.93
389,Belyy Yar,RU,2019-11-06 00:53:59,53.6,91.39,269.15,92,85,2.34
390,Kongolo,CD,2019-11-06 00:53:59,-5.39,27.0,293.25,90,98,0.32
391,Nelson Bay,AU,2019-11-06 00:53:59,-32.72,152.14,296.48,27,0,8.7
392,Talaya,RU,2019-11-06 00:53:59,55.79,84.89,273.15,79,75,8.0
393,Garissa,KE,2019-11-06 00:53:59,-0.46,39.64,298.07,72,30,6.96
394,Bustamante,MX,2019-11-06 00:54:00,26.53,-100.51,297.71,61,48,2.5
395,Dormidontovka,RU,2019-11-06 00:54:00,47.77,134.91,268.25,63,16,6.49
396,Mogadishu,SO,2019-11-06 00:54:00,2.04,45.34,299.89,79,99,4.35
397,Tete,MZ,2019-11-06 00:54:00,-16.16,33.59,298.15,61,35,4.1
398,Pfarrkirchen,DE,2019-11-06 00:54:00,48.43,12.94,278.15,98,100,1.04
399,Tilichiki,RU,2019-11-06 00:54:00,60.47,166.1,275.45,83,100,15.92
400,Fortuna,US,2019-11-06 00:52:20,40.6,-124.16,287.59,100,90,3.1
401,Milyutinskaya,RU,2019-11-06 00:54:01,48.63,41.67,281.34,78,73,3.46
402,Maldonado,UY,2019-11-06 00:54:01,-34.91,-54.96,288.15,58,0,2.6
403,Agropoli,IT,2019-11-06 00:54:01,40.35,15.0,289.82,1,94,3.58
404,Sivaki,RU,2019-11-06 00:54:01,52.63,126.75,259.32,76,0,5.84
405,Soller,DE,2019-11-06 00:54:02,50.73,6.56,282.59,87,75,1.5
406,Santa Maria,BR,2019-11-06 00:54:02,-16.02,-48.01,298.15,69,40,1.0
407,Laguna,BZ,2019-11-06 00:54:02,16.17,-88.94,300.15,78,20,2.1
408,Paso De Los Toros,UY,2019-11-06 00:54:02,-32.81,-56.52,288.92,75,0,2.98
409,Dukat,AL,2019-11-06 00:54:03,40.25,19.57,291.48,90,53,1.34
410,Kieta,PG,2019-11-06 00:54:03,-6.22,155.63,302.03,64,100,1.9
411,Ngunguru,NZ,2019-11-06 00:54:03,-35.62,174.5,298.71,53,100,4.02
412,Bushehr,IR,2019-11-06 00:54:03,28.97,50.84,300.15,42,0,8.7
413,Riyadh,SA,2019-11-06 00:53:36,24.63,46.72,294.15,60,0,2.58
414,Ketchikan,US,2019-11-06 00:54:04,55.34,-131.65,282.15,100,75,3.1
415,Taormina,IT,2019-11-06 00:54:04,37.85,15.29,292.15,100,75,3.6
416,Magadan,RU,2019-11-06 00:54:04,59.56,150.8,273.84,64,100,11.11
417,Lamu,CN,2019-11-06 00:54:04,35.77,102.37,271.03,92,47,0.33
418,Binga,ZW,2019-11-06 00:54:04,-17.62,27.34,299.48,45,46,4.25
419,Berlevag,NO,2019-11-06 00:54:05,70.86,29.09,274.76,67,100,6.07
420,Matara,BI,2019-11-06 00:54:05,-3.48,29.48,288.1,78,100,1.19
421,Tura,RU,2019-11-06 00:54:05,64.27,100.22,253.2,98,100,1.52
422,Sao Jose Da Coroa Grande,BR,2019-11-06 00:54:05,-8.9,-35.15,299.1,73,20,6.44
423,Banjar,ID,2019-11-06 00:54:05,-7.37,108.54,297.18,80,68,0.38
424,Yima,CN,2019-11-06 00:54:05,34.75,111.87,284.73,59,91,0.89
425,Ejido Hermosillo,MX,2019-11-06 00:54:05,32.51,-114.92,303.15,13,20,1.5
426,Wasilla,US,2019-11-06 00:54:06,61.58,-149.44,276.15,44,90,1.5
427,Chapais,CA,2019-11-06 00:54:06,49.78,-74.86,273.15,91,90,3.6
428,Bandarbeyla,SO,2019-11-06 00:54:06,9.49,50.81,299.81,80,4,3.85
429,High Level,CA,2019-11-06 00:54:06,58.52,-117.13,264.15,78,20,2.1
430,Acu,BR,2019-11-06 00:54:07,-3.35,-60.45,303.15,74,100,2.6
431,Anadyr,RU,2019-11-06 00:54:07,64.73,177.51,272.15,80,90,3.0
432,Kapit,MY,2019-11-06 00:54:07,2.02,112.94,295.8,98,100,1.11
433,Oleksandrivka,UA,2019-11-06 00:54:07,48.97,32.24,284.65,72,46,5.46
434,Washington,US,2019-11-06 00:49:27,38.9,-77.04,285.37,75,1,0.91
435,Sungairaya,ID,2019-11-06 00:54:07,0.7,108.9,299.27,85,100,1.12
436,Monte Patria,CL,2019-11-06 00:54:08,-30.69,-70.96,284.55,71,0,0.66
437,Manggar,ID,2019-11-06 00:54:08,-2.88,108.27,301.92,72,100,3.42
438,Seminole,US,2019-11-06 00:54:08,32.72,-102.64,291.15,51,1,2.6
439,Vieste,IT,2019-11-06 00:54:08,41.88,16.18,292.15,68,20,3.1
440,Turukhansk,RU,2019-11-06 00:54:08,65.8,87.96,265.87,94,100,5.46
441,Nchelenge,ZM,2019-11-06 00:54:09,-9.35,28.74,296.29,72,89,1.9
442,Pala,TD,2019-11-06 00:54:09,9.37,14.91,299.05,39,0,1.66
443,Ayagoz,KZ,2019-11-06 00:54:09,47.96,80.43,271.69,77,55,2.48
444,Rincon,PA,2019-11-06 00:54:09,8.46,-82.28,299.15,88,20,1.5
445,Tefe,BR,2019-11-06 00:54:10,-3.35,-64.71,300.49,72,79,0.58
446,Shahreza,IR,2019-11-06 00:54:10,32.01,51.87,278.87,58,0,1.25
447,Ornskoldsvik,SE,2019-11-06 00:54:10,63.29,18.72,268.15,85,55,2.1
448,Shenjiamen,CN,2019-11-06 00:54:10,29.96,122.3,291.71,72,5,6.95
449,Lorengau,PG,2019-11-06 00:54:10,-2.02,147.27,301.69,70,100,5.74
450,Gweta,BW,2019-11-06 00:54:10,-20.21,25.26,298.99,29,0,5.83
451,San Patricio,PY,2019-11-06 00:54:11,-26.98,-56.83,295.23,85,84,4.03
452,Ishigaki,JP,2019-11-06 00:54:11,24.34,124.16,298.15,57,20,9.3
453,Meadow Lake,CA,2019-11-06 00:54:11,54.13,-108.44,265.15,57,75,5.7
454,Rabo De Peixe,PT,2019-11-06 00:54:11,37.8,-25.58,289.15,67,75,1.5
455,Zomba,MW,2019-11-06 00:54:12,-15.39,35.33,294.32,65,71,2.25
456,San Fernando,TT,2019-11-06 00:53:28,10.28,-61.46,299.15,88,75,3.1
457,Puerto Carreno,CO,2019-11-06 00:54:12,6.19,-67.49,299.15,83,40,4.1
458,Kota Kinabalu,MY,2019-11-06 00:54:12,5.98,116.07,298.71,88,90,5.1
459,Teya,MX,2019-11-06 00:54:12,21.05,-89.07,301.48,78,75,2.1
460,Zonguldak,TR,2019-11-06 00:54:13,41.25,31.83,284.24,74,0,2.64
461,Teeli,RU,2019-11-06 00:54:13,51.01,90.2,269.3,83,48,0.37
462,Yermakovskoye,RU,2019-11-06 00:54:13,53.28,92.4,272.51,97,100,0.82
463,Ryotsu,JP,2019-11-06 00:54:13,38.08,138.43,286.15,82,90,2.1
464,Mbuyapey,PY,2019-11-06 00:54:14,-26.22,-56.76,295.86,97,100,1.19
465,Hualmay,PE,2019-11-06 00:54:14,-11.1,-77.61,290.13,79,3,1.95
466,Concordia,AR,2019-11-06 00:52:06,-31.4,-58.02,294.82,63,7,0.89
467,San Jeronimo,PE,2019-11-06 00:54:14,-13.65,-73.37,283.61,93,76,1.69
468,Mildura,AU,2019-11-06 00:54:14,-34.18,142.16,297.04,25,3,4.6
469,Lawigan,PH,2019-11-06 00:54:15,10.49,122.04,299.83,86,100,4.81
470,Kaniama,CD,2019-11-06 00:54:15,-7.57,24.18,291.31,95,77,0.96
471,Codrington,AU,2019-11-06 00:54:15,-28.95,153.24,298.71,28,0,3.1
472,Virginia Beach,US,2019-11-06 00:54:15,36.85,-75.98,290.37,100,40,2.92
473,Teodoro Sampaio,BR,2019-11-06 00:53:55,-22.53,-52.17,296.44,88,85,7.89
474,Srednekolymsk,RU,2019-11-06 00:54:15,67.46,153.71,254.74,97,95,0.54
475,Sampit,ID,2019-11-06 00:54:16,-2.54,112.95,300.78,76,40,0.67
476,Waingapu,ID,2019-11-06 00:54:16,-9.65,120.26,300.7,71,5,2.82
477,Hamilton,CA,2019-11-06 00:46:58,43.26,-79.87,279.26,55,75,4.1
478,Mamburao,PH,2019-11-06 00:54:16,13.22,120.6,301.23,78,100,6.16
479,Juazeirinho,BR,2019-11-06 00:54:16,-7.07,-36.58,293.07,82,11,6.51
480,Pangnirtung,CA,2019-11-06 00:54:16,66.15,-65.72,266.16,87,100,0.85
481,Tautira,PF,2019-11-06 00:54:16,-17.73,-149.15,304.15,62,20,4.6
482,Bemidji,US,2019-11-06 00:53:51,47.48,-94.89,266.48,67,1,2.22
483,Juigalpa,NI,2019-11-06 00:54:17,12.1,-85.37,297.99,85,1,4.72
484,Dalbandin,PK,2019-11-06 00:54:17,28.9,64.41,286.73,56,0,1.5
485,Mizan Teferi,ET,2019-11-06 00:54:17,6.99,35.58,289.31,95,75,2.03
486,Astana,KZ,2019-11-06 00:54:17,51.13,71.43,271.15,92,90,6.0
487,Haapsalu,EE,2019-11-06 00:54:17,58.95,23.55,275.37,68,100,5.36
488,Tazovskiy,RU,2019-11-06 00:54:18,67.47,78.7,263.25,95,97,3.38
489,Mount Isa,AU,2019-11-06 00:54:18,-20.73,139.49,304.15,10,100,6.7
490,Vostok,RU,2019-11-06 00:54:18,46.45,135.83,263.83,85,100,3.64
491,Torbay,CA,2019-11-06 00:54:18,47.66,-52.73,277.59,74,90,3.6
492,Iracoubo,GF,2019-11-06 00:54:18,5.48,-53.21,301.03,82,44,6.4
493,Langres,FR,2019-11-06 00:54:18,47.87,5.33,280.93,100,100,0.9
494,Flin Flon,CA,2019-11-06 00:54:19,54.77,-101.88,263.15,61,20,4.6
495,Novopokrovka,UA,2019-11-06 00:54:19,49.84,36.56,285.15,100,90,3.0
496,Pueblo Nuevo,AR,2019-11-06 00:54:19,-32.93,-68.73,297.15,33,40,1.0
497,Dumingag,PH,2019-11-06 00:54:19,8.15,123.34,299.38,86,90,1.6
498,Biak,ID,2019-11-06 00:54:19,-0.91,122.88,300.56,73,97,6.0
499,Chistoye,RU,2019-11-06 00:54:19,56.54,43.0,284.15,81,75,8.0
500,Karasjok,NO,2019-11-06 00:54:20,69.47,25.52,262.15,92,35,2.6
501,Riachao,BR,2019-11-06 00:54:20,-7.36,-46.62,298.97,71,73,1.82
502,Damietta,EG,2019-11-06 00:54:20,31.42,31.81,296.75,76,0,7.44
503,Beloha,MG,2019-11-06 00:54:20,-25.17,45.06,294.59,82,90,5.6
504,Glenwood Springs,US,2019-11-06 00:50:26,39.55,-107.33,285.15,50,1,5.1
505,Banff,CA,2019-11-06 00:49:51,51.18,-115.57,262.04,89,100,3.13
506,Dali,CN,2019-11-06 00:54:21,34.79,109.94,286.52,52,100,6.23
507,Lilongwe,MW,2019-11-06 00:54:21,-13.97,33.79,293.49,66,58,2.03
508,San Felipe,CL,2019-11-06 00:54:21,-32.75,-70.73,284.87,49,93,0.47
509,Atar,MR,2019-11-06 00:54:21,20.52,-13.05,295.98,34,88,4.48
510,Moissac,FR,2019-11-06 00:54:22,44.11,1.08,284.26,87,75,4.6
511,Saint-Georges,CA,2019-11-06 00:54:22,46.12,-70.67,280.37,91,100,2.68
512,Santa Isabel Do Rio Negro,BR,2019-11-06 00:54:22,-0.41,-65.02,300.85,73,51,0.79
513,Belmonte,PT,2019-11-06 00:54:22,40.36,-7.35,282.59,95,48,2.23
514,Banyo,CM,2019-11-06 00:54:22,6.75,11.81,292.68,78,53,1.13
515,Tezu,IN,2019-11-06 00:54:22,27.93,96.16,289.67,71,62,1.06
516,Istisu,AZ,2019-11-06 00:54:22,40.95,48.07,274.15,40,68,1.78
517,Balaghat,IN,2019-11-06 00:54:22,21.81,80.19,291.29,79,0,1.29
518,Opuwo,NA,2019-11-06 00:54:23,-18.06,13.84,296.31,20,96,1.42
519,Winnipeg,CA,2019-11-06 00:51:40,49.88,-97.17,265.37,72,75,1.0
520,Ostrovnoy,RU,2019-11-06 00:54:23,68.05,39.51,270.22,92,96,2.36
521,Hovd,NO,2019-11-06 00:54:23,63.83,10.7,270.37,78,100,3.6
522,Coquimbo,CL,2019-11-06 00:54:23,-29.95,-71.34,286.15,87,0,4.6
523,Gracac,RS,2019-11-06 00:54:24,43.65,20.83,292.15,52,100,5.1
524,Sheridan,US,2019-11-06 00:54:24,39.65,-105.03,285.15,52,1,0.59
525,Bela,PK,2019-11-06 00:54:24,26.23,66.31,299.34,63,5,0.27
526,Gasa,BT,2019-11-06 00:54:24,27.91,89.73,267.81,71,0,0.97
527,Yurovka,RU,2019-11-06 00:54:24,45.11,37.42,289.15,93,40,5.0
528,Mwingi,KE,2019-11-06 00:54:24,-0.93,38.07,292.8,88,44,3.94
529,Cap Malheureux,MU,2019-11-06 00:54:24,-19.98,57.61,293.71,87,0,4.84
530,Pontes E Lacerda,BR,2019-11-06 00:54:25,-15.23,-59.33,296.87,88,71,1.17
531,Charlestown,US,2019-11-06 00:54:25,41.38,-71.64,287.15,100,20,2.1
532,Bocas Del Toro,PA,2019-11-06 00:50:30,9.33,-82.25,293.15,74,100,3.13
533,Burns Lake,CA,2019-11-06 00:54:25,54.23,-125.76,271.69,90,97,2.96
534,Yining,CN,2019-11-06 00:54:25,29.04,114.56,286.1,69,79,0.37
535,Indramayu,ID,2019-11-06 00:54:25,-4.05,103.78,296.63,92,100,0.35
536,Monterey,US,2019-11-06 00:50:42,36.6,-121.89,295.93,72,20,1.5
537,Arteaga,MX,2019-11-06 00:54:26,25.45,-100.85,297.59,56,75,2.6
538,Manta,RO,2019-11-06 00:54:26,45.1,24.1,284.95,75,37,1.48
539,Gigmoto,PH,2019-11-06 00:54:26,13.78,124.39,301.38,73,19,1.49
540,Salina Cruz,MX,2019-11-06 00:54:26,16.18,-95.2,301.43,74,0,17.42
541,Shimoda,JP,2019-11-06 00:54:26,34.7,138.93,291.15,72,20,3.1
542,Freeport,BS,2019-11-06 00:54:26,26.54,-78.7,299.15,78,40,1.5
543,Key West,US,2019-11-06 00:50:20,47.93,-96.78,267.15,79,1,0.93
544,Haines Junction,CA,2019-11-06 00:54:27,60.75,-137.51,261.12,87,100,0.95
545,Baykit,RU,2019-11-06 00:54:27,61.68,96.39,261.68,96,100,1.44
546,Praia,BR,2019-11-06 00:54:27,-20.25,-43.81,299.15,54,54,2.6
547,Si Bun Ruang,TH,2019-11-06 00:54:27,16.97,102.28,294.13,80,16,1.21
548,Oliveira Dos Brejinhos,BR,2019-11-06 00:54:27,-12.32,-42.89,298.45,59,89,1.99
549,Iquique,CL,2019-11-06 00:54:28,-20.22,-70.14,291.15,68,90,5.1
550,Mathbaria,BD,2019-11-06 00:54:28,22.29,89.96,294.64,82,67,1.85
551,Cayenne,GF,2019-11-06 00:54:28,4.94,-52.33,300.15,83,62,2.1
