City_ID,City,Country,Date,Lat,Lng,Max Temp,Humidity,Cloudiness,Wind Speed,Current Description,Rain inches (last 3 hrs),Snow inches (last 3 hrs)
0,Aklavik,CA,2019-11-08 19:12:13,68.22,-135.01,10.4,78,90,1.97,light snow,0.0,0.0
1,Mar Del Plata,AR,2019-11-08 19:12:13,-46.43,-67.52,53.2,43,0,16.51,clear sky,0.0,0.0
2,Punta Arenas,CL,2019-11-08 19:12:14,-53.16,-70.91,48.2,49,40,26.4,scattered clouds,0.0,0.0
3,Ahipara,NZ,2019-11-08 19:12:14,-35.17,173.16,64.99,100,49,13.31,scattered clouds,0.0,0.0
4,Mikkeli,FI,2019-11-08 19:12:14,61.69,27.27,28.4,100,90,5.82,light shower snow,0.0,0.0
5,Busselton,AU,2019-11-08 19:09:48,-33.64,115.35,63.0,39,0,16.64,clear sky,0.0,0.0
6,Agadez,NE,2019-11-08 19:12:14,16.97,7.99,86.0,20,0,9.17,clear sky,0.0,0.0
7,Yenagoa,NG,2019-11-08 19:10:47,4.92,6.26,78.98,89,87,4.18,moderate rain,3.19,0.0
8,Geraldton,CA,2019-11-08 19:11:05,49.72,-86.95,17.6,57,90,13.87,light snow,0.0,0.0
9,Teguldet,RU,2019-11-08 19:10:50,57.31,88.17,34.54,97,100,9.35,light snow,0.0,1.13
10,Samarai,PG,2019-11-08 19:10:09,-10.62,150.67,76.5,93,95,2.26,overcast clouds,0.0,0.0
11,Mataura,NZ,2019-11-08 19:09:45,-46.19,168.86,54.0,92,100,1.99,light rain,0.38,0.0
12,Waingapu,ID,2019-11-08 19:12:15,-9.65,120.26,82.02,78,0,12.17,light rain,0.38,0.0
13,Faanui,PF,2019-11-08 19:10:33,-16.48,-151.75,81.25,77,100,20.22,light rain,0.13,0.0
14,Cape Town,ZA,2019-11-08 19:07:03,-33.93,18.42,68.0,59,67,18.34,broken clouds,0.0,0.0
15,Hasaki,JP,2019-11-08 19:11:47,35.73,140.83,48.2,87,75,8.05,broken clouds,0.0,0.0
16,Yellowknife,CA,2019-11-08 19:06:48,62.45,-114.38,12.2,78,90,12.75,overcast clouds,0.0,0.0
17,Khatanga,RU,2019-11-08 19:10:22,71.98,102.47,-8.83,90,100,17.96,overcast clouds,0.0,0.0
18,Naze,NG,2019-11-08 19:10:34,5.43,7.07,80.6,88,75,5.73,thunderstorm,0.0,0.0
19,Rikitea,PF,2019-11-08 19:09:49,-23.12,-134.97,73.27,77,81,6.42,broken clouds,0.0,0.0
20,Iranshahr,IR,2019-11-08 19:12:17,27.21,60.69,64.4,10,0,9.17,clear sky,0.0,0.0
21,Thompson,CA,2019-11-08 19:09:47,55.74,-97.86,14.0,72,90,5.82,overcast clouds,0.0,0.0
22,Svetlogorsk,RU,2019-11-08 19:11:33,53.14,59.15,32.0,97,90,8.95,heavy shower snow,0.0,0.0
23,Morondava,MG,2019-11-08 19:12:17,-20.3,44.28,78.22,71,85,3.96,light rain,0.44,0.0
24,Opuwo,NA,2019-11-08 19:10:29,-18.06,13.84,80.98,32,100,4.9,overcast clouds,0.0,0.0
25,Pozo Colorado,PY,2019-11-08 19:12:17,-23.49,-58.8,95.25,40,100,1.63,overcast clouds,0.0,0.0
26,Souillac,FR,2019-11-08 19:10:12,45.6,-0.6,48.2,81,90,10.29,overcast clouds,0.0,0.0
27,Georgetown,GY,2019-11-08 19:08:28,6.8,-58.16,86.0,79,75,6.93,broken clouds,0.0,0.0
28,Salon-De-Provence,FR,2019-11-08 19:12:18,43.64,5.1,51.8,87,0,10.71,clear sky,0.0,0.0
29,East London,ZA,2019-11-08 19:10:25,-33.02,27.91,64.4,68,40,6.93,scattered clouds,0.0,0.0
30,Half Moon Bay,US,2019-11-08 19:12:18,37.46,-122.43,70.0,87,90,3.36,mist,0.0,0.0
31,Saint Anthony,US,2019-11-08 19:07:47,43.97,-111.68,51.8,20,1,3.36,clear sky,0.0,0.0
32,Pevek,RU,2019-11-08 19:11:25,69.7,170.27,14.92,63,0,10.4,clear sky,0.0,0.0
33,Telimele,GN,2019-11-08 19:12:19,10.9,-13.03,78.03,80,14,2.77,light rain,1.13,0.0
34,Mariveles,PH,2019-11-08 19:12:19,14.48,120.48,80.6,88,40,3.36,scattered clouds,0.0,0.0
35,Hobart,AU,2019-11-08 19:08:56,-42.88,147.33,42.8,70,40,14.99,scattered clouds,0.0,0.0
36,Port Pirie,AU,2019-11-08 19:12:21,-33.18,138.01,57.2,58,90,13.87,overcast clouds,0.0,0.0
37,Port Alfred,ZA,2019-11-08 19:08:30,-33.59,26.89,60.01,78,61,7.02,broken clouds,0.0,0.0
38,Yulara,AU,2019-11-08 19:10:00,-25.24,130.99,68.0,28,0,10.29,clear sky,0.0,0.0
39,Bethel,US,2019-11-08 19:10:03,60.79,-161.76,33.8,92,90,11.41,overcast clouds,0.0,0.0
40,Albany,US,2019-11-08 19:07:22,42.65,-73.75,34.0,43,40,18.34,shower rain,0.0,0.0
41,Kahului,US,2019-11-08 19:12:22,20.89,-156.47,77.0,83,20,4.32,few clouds,0.0,0.0
42,Hermanus,ZA,2019-11-08 19:08:23,-34.42,19.24,68.0,77,86,11.99,overcast clouds,0.0,0.0
43,Ous,RU,2019-11-08 19:12:23,60.91,61.52,10.87,93,10,2.26,clear sky,0.0,0.0
44,Aripuana,BR,2019-11-08 19:12:24,-9.17,-60.63,96.64,39,93,1.9,light rain,0.44,0.0
45,Saskylakh,RU,2019-11-08 19:12:25,71.97,114.09,-24.49,98,11,8.21,few clouds,0.0,0.0
46,Kaitangata,NZ,2019-11-08 19:10:47,-46.28,169.85,57.0,90,100,6.6,light rain,0.19,0.0
47,Kodiak,US,2019-11-08 19:10:05,39.95,-94.76,43.0,37,1,13.87,clear sky,0.0,0.0
48,Chokurdakh,RU,2019-11-08 19:10:19,70.62,147.9,-8.27,98,97,4.76,overcast clouds,0.0,0.0
49,Batagay-Alyta,RU,2019-11-08 19:10:28,67.8,130.41,-6.98,98,98,2.98,overcast clouds,0.0,0.0
50,Oum Hadjer,TD,2019-11-08 19:12:26,13.3,19.7,86.23,13,0,4.05,clear sky,0.0,0.0
51,Sawakin,SD,2019-11-08 19:12:26,19.1,37.33,86.0,70,0,3.36,clear sky,0.0,0.0
52,Bluff,AU,2019-11-08 19:12:27,-23.58,149.07,69.98,25,0,8.99,clear sky,0.0,0.0
53,Ushuaia,AR,2019-11-08 19:12:27,-54.81,-68.31,44.6,91,40,27.51,shower rain,0.0,0.0
54,Rawson,AR,2019-11-08 19:12:27,-43.3,-65.11,51.66,69,100,12.84,overcast clouds,0.0,0.0
55,Oussouye,SN,2019-11-08 19:12:27,12.49,-16.54,87.8,66,82,6.93,broken clouds,0.0,0.0
56,Carnarvon,ZA,2019-11-08 19:10:08,-30.97,22.13,68.9,14,38,18.86,scattered clouds,0.0,0.0
57,New Norfolk,AU,2019-11-08 19:10:14,-42.78,147.06,42.8,70,40,14.99,scattered clouds,0.0,0.0
58,Dali,CN,2019-11-08 19:11:09,34.79,109.94,52.97,64,17,8.7,few clouds,0.0,0.0
59,Qaanaaq,GL,2019-11-08 19:09:45,77.48,-69.36,-4.04,58,0,6.42,clear sky,0.0,0.0
60,Karpathos,GR,2019-11-08 19:12:28,35.51,27.21,71.6,83,20,2.24,few clouds,0.0,0.0
61,Yishui,CN,2019-11-08 19:12:28,35.78,118.63,46.85,78,0,1.28,clear sky,0.0,0.0
62,Port Hedland,AU,2019-11-08 19:12:29,-20.31,118.58,66.2,88,100,3.36,overcast clouds,0.0,0.0
63,Ribeira Grande,PT,2019-11-08 19:10:24,38.52,-28.7,66.2,68,20,4.7,few clouds,0.0,0.0
64,Kholodnyy,RU,2019-11-08 19:12:29,62.72,147.95,4.35,96,94,6.96,overcast clouds,0.0,0.0
65,Pau Brasil,BR,2019-11-08 19:12:30,-15.46,-39.65,86.85,44,29,8.68,scattered clouds,0.0,0.0
66,Bwanga,TZ,2019-11-08 19:12:30,-3.03,31.76,68.43,84,51,6.76,broken clouds,0.0,0.0
67,Wanxian,CN,2019-11-08 19:12:31,30.8,108.39,59.25,71,55,1.57,broken clouds,0.0,0.0
68,Vila Franca Do Campo,PT,2019-11-08 19:10:04,37.72,-25.43,66.2,77,40,5.82,scattered clouds,0.0,0.0
69,Mahebourg,MU,2019-11-08 19:09:52,-20.41,57.7,71.6,73,20,5.82,few clouds,0.0,0.0
70,Luderitz,NA,2019-11-08 19:11:26,-26.65,15.16,60.8,87,59,14.99,broken clouds,0.0,0.0
71,Butaritari,KI,2019-11-08 19:10:29,3.07,172.79,84.06,66,57,7.87,broken clouds,0.0,0.0
72,Castro,CL,2019-11-08 19:10:10,-42.48,-73.76,59.0,58,1,8.05,clear sky,0.0,0.0
73,Sorong,ID,2019-11-08 19:12:33,-0.86,131.25,72.55,99,85,1.1,light rain,0.5,0.0
74,Pavilosta,LV,2019-11-08 19:11:09,56.89,21.19,42.8,100,100,8.05,overcast clouds,0.0,0.0
75,Ilulissat,GL,2019-11-08 19:10:33,69.22,-51.1,39.2,29,75,14.99,broken clouds,0.0,0.0
76,Kruisfontein,ZA,2019-11-08 19:09:00,-34.0,24.73,56.23,84,70,7.76,broken clouds,0.0,0.0
77,Kasongo-Lunda,CD,2019-11-08 19:09:57,-6.48,16.82,70.72,95,92,2.37,light rain,2.75,0.0
78,Sumter,US,2019-11-08 19:12:34,33.92,-80.34,59.0,41,1,12.75,clear sky,0.0,0.0
79,Inuvik,CA,2019-11-08 19:08:34,68.36,-133.71,10.4,71,90,6.93,light snow,0.0,0.0
80,Luanda,AO,2019-11-08 19:12:35,-8.83,13.24,82.4,74,20,10.29,few clouds,0.0,0.0
81,Lebu,ET,2019-11-08 19:09:55,8.96,38.73,55.15,63,30,4.97,scattered clouds,0.0,0.0
82,Cidreira,BR,2019-11-08 19:09:46,-30.17,-50.22,71.49,85,0,13.04,clear sky,0.0,0.0
83,Jamestown,AU,2019-11-08 19:06:05,-33.21,138.6,39.13,90,18,5.57,few clouds,0.0,0.0
84,Carauari,BR,2019-11-08 19:12:35,-4.88,-66.9,81.28,89,100,0.58,light rain,2.94,0.0
85,Kaeo,NZ,2019-11-08 19:12:35,-35.1,173.78,64.99,100,91,1.01,light rain,0.75,0.0
86,Ghogha,IN,2019-11-08 19:12:36,21.69,72.28,82.27,70,42,4.99,light rain,0.31,0.0
87,Gat,SN,2019-11-08 19:12:36,14.69,-16.54,96.8,57,85,18.34,overcast clouds,0.0,0.0
88,Ginda,IN,2019-11-08 19:09:50,30.69,78.49,49.42,69,0,6.55,clear sky,0.0,0.0
89,Bredasdorp,ZA,2019-11-08 19:08:09,-34.53,20.04,64.0,67,46,16.11,scattered clouds,0.0,0.0
90,Sinnamary,GF,2019-11-08 19:10:35,5.38,-52.96,82.47,82,69,15.64,broken clouds,0.0,0.0
91,Barrow,AR,2019-11-08 19:09:50,-38.31,-60.23,73.58,23,100,10.11,overcast clouds,0.0,0.0
92,Santa Vitoria Do Palmar,BR,2019-11-08 19:12:37,-33.52,-53.37,69.82,70,0,11.18,clear sky,0.0,0.0
93,Hilo,US,2019-11-08 19:10:30,19.71,-155.08,80.01,56,1,5.82,clear sky,0.0,0.0
94,Ust-Maya,RU,2019-11-08 19:11:25,60.42,134.54,-17.09,95,65,2.19,broken clouds,0.0,0.0
95,Richards Bay,ZA,2019-11-08 19:10:37,-28.77,32.06,71.04,72,100,15.86,light rain,0.31,0.0
96,Banjar,ID,2019-11-08 19:12:39,-7.37,108.54,71.2,83,27,1.14,scattered clouds,0.0,0.0
97,Muri,CH,2019-11-08 19:12:40,46.93,7.49,43.0,93,90,1.99,overcast clouds,0.0,0.0
98,Dabakala,CI,2019-11-08 19:12:40,8.36,-4.43,80.89,63,55,1.14,broken clouds,0.0,0.0
99,Vaini,IN,2019-11-08 19:09:59,15.34,74.49,66.7,97,28,1.9,scattered clouds,0.0,0.0
100,Kutum,SD,2019-11-08 19:12:40,14.2,24.66,76.08,16,0,6.91,clear sky,0.0,0.0
101,Coihaique,CL,2019-11-08 19:10:37,-45.58,-72.07,60.8,26,100,5.82,overcast clouds,0.0,0.0
102,Hambantota,LK,2019-11-08 19:12:41,6.12,81.12,78.8,100,40,5.82,scattered clouds,0.0,0.0
103,Pemberton,AU,2019-11-08 19:12:41,-34.44,116.03,61.0,71,0,3.0,clear sky,0.0,0.0
104,Voi,KE,2019-11-08 19:12:41,-3.4,38.57,73.45,79,9,6.87,clear sky,0.0,0.0
105,Conceicao Da Barra,BR,2019-11-08 19:12:41,-18.59,-39.73,78.98,77,3,21.43,clear sky,0.0,0.0
106,Creston,CA,2019-11-08 19:12:41,49.1,-116.52,42.01,60,1,1.92,clear sky,0.0,0.0
107,Meulaboh,ID,2019-11-08 19:10:31,4.14,96.13,80.65,77,82,3.91,broken clouds,0.0,0.0
108,Dikson,RU,2019-11-08 19:10:15,73.51,80.55,-3.16,97,49,12.21,scattered clouds,0.0,0.0
109,Cap Malheureux,MU,2019-11-08 19:12:42,-19.98,57.61,71.6,73,20,5.82,few clouds,0.0,0.0
110,Russell,US,2019-11-08 19:10:48,38.9,-98.86,55.0,24,1,20.8,clear sky,0.0,0.0
111,Chuy,UY,2019-11-08 19:09:52,-33.69,-53.46,69.82,70,0,11.18,clear sky,0.0,0.0
112,Kupang,ID,2019-11-08 19:12:43,-10.16,123.6,81.43,77,0,12.28,clear sky,0.0,0.0
113,Shipitsyno,RU,2019-11-08 19:12:43,61.28,46.52,5.63,94,53,4.03,broken clouds,0.0,0.0
114,Ketchikan,US,2019-11-08 19:09:59,55.34,-131.65,51.8,81,90,8.05,heavy intensity rain,0.0,0.0
115,Kuala Kangsar,MY,2019-11-08 19:12:43,4.77,100.94,78.8,83,75,2.24,broken clouds,0.0,0.0
116,Kinango,KE,2019-11-08 19:12:43,-4.13,39.32,80.6,83,20,3.36,few clouds,0.0,0.0
117,Cairns,AU,2019-11-08 19:12:44,-16.92,145.77,69.01,93,1,3.56,clear sky,0.0,0.0
118,Saint-Philippe,CA,2019-11-08 19:10:27,45.36,-73.48,33.01,68,90,16.11,light snow,0.0,0.0
119,Fagernes,NO,2019-11-08 19:12:44,60.99,9.24,17.01,93,0,3.44,clear sky,0.0,0.0
120,Puerto Ayora,EC,2019-11-08 19:10:09,-0.74,-90.35,78.8,61,75,9.17,broken clouds,0.0,0.0
121,Buchanan,LR,2019-11-08 19:12:44,5.88,-10.05,78.8,88,75,4.34,broken clouds,0.0,0.0
122,Sola,TZ,2019-11-08 19:10:11,-3.17,33.8,77.43,37,41,9.04,scattered clouds,0.0,0.0
123,Big Spring,US,2019-11-08 19:11:47,32.25,-101.48,48.99,81,90,2.71,overcast clouds,0.0,0.0
124,Akureyri,IS,2019-11-08 19:12:44,65.68,-18.09,26.6,79,20,16.11,few clouds,0.0,0.0
125,Saurimo,AO,2019-11-08 19:12:45,-9.66,20.4,69.62,77,85,5.28,overcast clouds,0.0,0.0
126,Shieli,KZ,2019-11-08 19:12:45,44.18,66.74,43.39,42,19,2.62,few clouds,0.0,0.0
127,Saint-Augustin,CA,2019-11-08 19:10:19,45.63,-73.98,33.01,68,90,16.11,light snow,0.0,0.0
128,Alta Floresta,BR,2019-11-08 19:12:45,-9.87,-56.08,91.15,46,93,5.59,overcast clouds,0.0,0.0
129,Viedma,AR,2019-11-08 19:09:55,-40.81,-62.99,62.85,36,100,15.41,overcast clouds,0.0,0.0
130,San Policarpo,PH,2019-11-08 19:12:46,12.18,125.51,77.34,92,2,5.61,clear sky,0.0,0.0
131,Arraial Do Cabo,BR,2019-11-08 19:11:03,-22.97,-42.02,80.6,74,75,12.75,broken clouds,0.0,0.0
132,Katsuura,JP,2019-11-08 19:10:36,33.93,134.5,48.2,87,20,9.17,few clouds,0.0,0.0
133,Atuona,PF,2019-11-08 19:09:57,-9.8,-139.03,79.95,78,3,14.52,clear sky,0.0,0.0
134,Severo-Kurilsk,RU,2019-11-08 19:09:59,50.68,156.12,28.58,78,88,13.04,light snow,0.0,0.19
135,Miraflores,PE,2019-11-08 19:12:47,-16.39,-71.52,73.4,22,0,16.11,clear sky,0.0,0.0
136,Kapaa,US,2019-11-08 19:06:24,22.08,-159.32,71.6,73,1,5.82,clear sky,0.0,0.0
137,Zonguldak,TR,2019-11-08 19:12:47,41.25,31.83,54.81,44,45,4.45,scattered clouds,0.0,0.0
138,Nantucket,US,2019-11-08 19:11:04,41.28,-70.1,39.0,37,75,19.46,broken clouds,0.0,0.0
139,Vanimo,PG,2019-11-08 19:09:05,-2.67,141.3,82.02,71,100,4.59,overcast clouds,0.0,0.0
140,Nizhneangarsk,RU,2019-11-08 19:12:48,55.78,109.57,19.6,97,98,6.08,light snow,0.0,0.25
141,Bilma,NE,2019-11-08 19:12:49,18.69,12.92,82.8,14,0,9.22,clear sky,0.0,0.0
142,Dunedin,NZ,2019-11-08 19:10:26,-45.87,170.5,54.16,80,67,2.89,broken clouds,0.0,0.0
143,Adelaide,AU,2019-11-08 19:08:34,-34.93,138.6,55.0,62,75,4.7,broken clouds,0.0,0.0
144,Berezovyy,RU,2019-11-08 19:12:50,51.67,135.7,10.53,53,22,6.51,few clouds,0.0,0.0
145,Jishu,CN,2019-11-08 19:12:52,44.29,126.79,24.33,45,25,4.21,scattered clouds,0.0,0.0
146,Cherskiy,RU,2019-11-08 19:10:17,68.75,161.3,9.5,70,14,3.69,few clouds,0.0,0.0
147,Kirkkonummi,FI,2019-11-08 19:12:53,60.12,24.44,41.0,100,75,6.93,light intensity drizzle rain,0.0,0.0
148,Purpe,RU,2019-11-08 19:12:53,64.48,76.69,-5.01,84,80,15.73,broken clouds,0.0,0.0
149,Slonim,BY,2019-11-08 19:12:53,53.09,25.32,47.35,87,100,8.57,overcast clouds,0.0,0.0
150,Ponta Do Sol,BR,2019-11-08 19:10:32,-20.63,-46.0,79.11,72,68,4.32,moderate rain,3.81,0.0
151,Tuktoyaktuk,CA,2019-11-08 19:09:53,69.44,-133.03,5.0,84,90,6.93,light snow,0.0,0.0
152,Chernyshevskiy,RU,2019-11-08 19:12:54,63.01,112.47,10.31,94,100,7.94,light snow,0.0,0.5
153,Guinope,HN,2019-11-08 19:12:54,13.88,-86.93,73.4,73,75,11.41,broken clouds,0.0,0.0
154,Obregon,NI,2019-11-08 19:12:54,11.96,-85.96,91.4,55,40,11.41,light intensity drizzle,0.0,0.0
155,Matara,BI,2019-11-08 19:12:54,-3.48,29.48,60.48,87,92,5.7,light rain,0.38,0.0
156,Komsomolskiy,RU,2019-11-08 19:11:17,67.55,63.78,4.87,96,88,7.4,light snow,0.0,0.19
157,Avarua,CK,2019-11-08 19:09:56,-21.21,-159.78,73.4,83,74,9.17,light rain,2.19,0.0
158,Salinopolis,BR,2019-11-08 19:10:11,-0.61,-47.36,82.67,77,25,13.15,scattered clouds,0.0,0.0
159,Esperance,AU,2019-11-08 19:09:52,-33.86,121.89,51.8,81,0,10.29,clear sky,0.0,0.0
160,Kununurra,AU,2019-11-08 19:12:56,-15.77,128.74,77.0,78,0,3.36,clear sky,0.0,0.0
161,Badnawar,IN,2019-11-08 19:12:56,23.02,75.23,75.2,73,40,4.7,haze,0.0,0.0
162,Fortuna,US,2019-11-08 19:10:00,40.6,-124.16,54.0,100,90,4.7,overcast clouds,0.0,0.0
163,Mayor Pablo Lagerenza,PY,2019-11-08 19:12:57,-19.93,-60.77,95.88,32,98,6.64,overcast clouds,0.0,0.0
164,Dalvik,SE,2019-11-08 19:12:57,57.79,14.13,41.0,93,75,6.93,broken clouds,0.0,0.0
165,Porto Novo,BR,2019-11-08 19:10:42,-23.68,-45.44,73.4,83,75,2.24,mist,0.0,0.0
166,Longyearbyen,NO,2019-11-08 19:09:50,78.22,15.63,30.2,58,75,28.86,broken clouds,0.0,0.0
167,Matamoros,US,2019-11-08 19:12:57,25.87,-97.51,59.0,67,90,14.99,overcast clouds,0.0,0.0
168,Hithadhoo,MV,2019-11-08 19:10:21,-0.6,73.08,82.8,68,60,5.32,broken clouds,0.0,0.0
169,Sao Joao Da Barra,BR,2019-11-08 19:11:00,-21.64,-41.05,89.6,55,20,16.11,few clouds,0.0,0.0
170,Madinat Sittah Uktubar,EG,2019-11-08 19:12:58,29.82,31.05,77.0,69,0,5.82,haze,0.0,0.0
171,Fomboni,KM,2019-11-08 19:12:58,-12.28,43.74,81.81,78,70,2.98,broken clouds,0.0,0.0
172,Beipiao,CN,2019-11-08 19:12:58,41.8,120.76,37.9,53,43,2.64,scattered clouds,0.0,0.0
173,Mukhen,RU,2019-11-08 19:12:59,48.19,136.14,14.99,65,0,8.28,clear sky,0.0,0.0
174,Agustin Codazzi,CO,2019-11-08 19:12:59,10.03,-73.24,95.0,41,40,11.41,scattered clouds,0.0,0.0
175,Bereznik,RU,2019-11-08 19:12:59,62.86,42.71,16.3,88,99,6.69,overcast clouds,0.0,0.0
176,Sokoni,CD,2019-11-08 19:12:59,-12.89,28.78,71.42,52,51,5.35,broken clouds,0.0,0.0
177,Beringovskiy,RU,2019-11-08 19:09:55,63.05,179.32,22.64,93,87,17.2,overcast clouds,0.0,0.0
178,Russkiy Kameshkir,RU,2019-11-08 19:13:00,52.86,46.09,37.65,92,96,13.6,light rain,1.06,0.0
179,Huautla,MX,2019-11-08 19:13:01,21.03,-98.29,68.43,93,81,6.02,light rain,1.13,0.0
180,Kaohsiung,TW,2019-11-08 19:13:01,22.62,120.31,70.0,73,75,4.7,broken clouds,0.0,0.0
181,Muzhi,RU,2019-11-08 19:13:02,65.4,64.7,5.63,80,0,10.4,clear sky,0.0,0.0
182,Kuala Lipis,MY,2019-11-08 19:13:02,4.19,102.05,72.01,93,100,1.41,overcast clouds,0.0,0.0
183,Inhambane,MZ,2019-11-08 19:10:52,-23.87,35.38,80.6,83,40,6.93,scattered clouds,0.0,0.0
184,Codrington,AU,2019-11-08 19:10:29,-28.95,153.24,69.8,72,90,11.41,overcast clouds,0.0,0.0
185,San Quintin,PH,2019-11-08 19:13:03,17.54,120.52,73.33,91,87,6.38,light rain,0.75,0.0
186,Caravelas,BR,2019-11-08 19:11:18,-17.73,-39.27,83.91,58,17,16.04,few clouds,0.0,0.0
187,Bonavista,CA,2019-11-08 19:11:18,48.65,-53.11,46.99,86,100,5.01,light rain,0.38,0.0
188,Blagoyevo,RU,2019-11-08 19:10:18,63.37,47.92,12.36,94,94,4.94,overcast clouds,0.0,0.0
189,Saint-Pierre,FR,2019-11-08 19:11:23,48.95,4.24,42.8,81,11,2.24,few clouds,0.0,0.0
190,Saldanha,PT,2019-11-08 19:10:40,41.42,-6.55,43.81,74,0,9.48,clear sky,0.0,0.0
191,Bafq,IR,2019-11-08 19:13:04,31.6,55.4,54.19,16,23,8.21,few clouds,0.0,0.0
192,Iqaluit,CA,2019-11-08 19:07:59,63.75,-68.52,10.4,78,40,3.36,scattered clouds,0.0,0.0
193,Fountain,US,2019-11-08 19:10:44,38.68,-104.7,62.01,20,1,6.93,clear sky,0.0,0.0
194,Broken Hill,AU,2019-11-08 19:13:04,-31.97,141.45,46.4,61,0,13.87,clear sky,0.0,0.0
195,Vardo,US,2019-11-08 19:13:05,39.62,-77.74,41.0,44,90,14.99,overcast clouds,0.0,0.0
196,Nanortalik,GL,2019-11-08 19:09:01,60.14,-45.24,36.36,70,47,5.75,scattered clouds,0.0,0.0
197,Ambatondrazaka,MG,2019-11-08 19:13:05,-17.82,48.43,61.12,98,30,3.71,scattered clouds,0.0,0.0
198,Killybegs,IE,2019-11-08 19:13:06,54.63,-8.45,39.99,89,63,10.0,broken clouds,0.0,0.0
199,Komatipoort,MZ,2019-11-08 19:13:06,-25.43,31.96,66.99,83,100,10.94,overcast clouds,0.0,0.0
200,Margate,AU,2019-11-08 19:11:49,-43.03,147.26,42.8,70,40,14.99,scattered clouds,0.0,0.0
201,Galveston,US,2019-11-08 19:11:13,40.58,-86.19,36.0,50,1,4.7,clear sky,0.0,0.0
202,Clyde River,CA,2019-11-08 19:09:31,70.47,-68.59,21.2,73,90,6.93,light snow,0.0,0.0
203,Praia Da Vitoria,PT,2019-11-08 19:10:01,38.73,-27.07,68.0,72,20,5.1,few clouds,0.0,0.0
204,Namibe,AO,2019-11-08 19:11:37,-15.19,12.15,73.0,84,81,9.69,broken clouds,0.0,0.0
205,Newport,GB,2019-11-08 19:07:23,51.59,-3.0,45.0,60,18,9.17,few clouds,0.0,0.0
206,Natal,BR,2019-11-08 19:13:07,-5.81,-35.21,86.0,55,40,21.92,scattered clouds,0.0,0.0
207,Lethem,GY,2019-11-08 19:10:28,3.38,-59.8,96.48,36,12,8.21,few clouds,0.0,0.0
208,Panama City,US,2019-11-08 19:13:08,30.16,-85.65,64.4,72,90,9.17,overcast clouds,0.0,0.0
209,Nadym,RU,2019-11-08 19:11:14,65.53,72.51,-3.19,96,45,15.28,scattered clouds,0.0,0.0
210,Werda,BW,2019-11-08 19:13:08,-25.27,23.28,89.64,11,60,7.45,broken clouds,0.0,0.0
211,Port Keats,AU,2019-11-08 19:13:08,-14.25,129.55,83.1,74,55,9.91,broken clouds,0.0,0.0
212,Davila,PH,2019-11-08 19:13:09,18.47,120.58,75.2,94,90,6.93,light rain,0.0,0.0
213,Lander,US,2019-11-08 19:13:09,42.83,-108.73,59.0,19,1,4.7,clear sky,0.0,0.0
214,Quatre Cocos,MU,2019-11-08 19:13:09,-20.21,57.76,69.8,77,20,3.36,few clouds,0.0,0.0
215,Provideniya,RU,2019-11-08 19:09:53,64.42,-173.23,23.18,96,82,12.28,snow,0.0,1.81
216,Presidencia Roque Saenz Pena,AR,2019-11-08 19:05:47,-26.79,-60.44,97.45,23,0,4.25,clear sky,0.0,0.0
217,Meiganga,CM,2019-11-08 19:13:10,6.52,14.29,71.91,66,62,4.85,broken clouds,0.0,0.0
218,Tiarei,PF,2019-11-08 19:13:10,-17.53,-149.33,84.2,70,75,6.93,broken clouds,0.0,0.0
219,Lagoa,PT,2019-11-08 19:11:20,37.14,-8.45,59.0,44,0,11.41,clear sky,0.0,0.0
220,Itanhaem,BR,2019-11-08 19:13:10,-24.18,-46.79,75.2,88,90,2.24,overcast clouds,0.0,0.0
221,Waipawa,NZ,2019-11-08 19:13:11,-39.94,176.59,54.79,92,0,2.06,clear sky,0.0,0.0
222,Airai,TL,2019-11-08 19:10:35,-8.93,125.41,66.54,75,7,3.02,clear sky,0.0,0.0
223,Vao,EE,2019-11-08 19:10:49,59.1,26.19,35.28,96,100,6.11,overcast clouds,0.0,0.0
224,Honiara,SB,2019-11-08 19:13:12,-9.43,159.96,73.4,100,20,2.24,few clouds,0.0,0.0
225,Lakes Entrance,AU,2019-11-08 19:13:12,-37.88,147.99,44.01,80,0,24.58,light rain,0.31,0.0
226,Khovu-Aksy,RU,2019-11-08 19:13:12,51.13,93.72,27.99,80,50,6.38,scattered clouds,0.0,0.0
227,Torbay,CA,2019-11-08 19:06:41,47.66,-52.73,48.2,87,90,21.92,overcast clouds,0.0,0.0
228,Avanigadda,IN,2019-11-08 19:13:13,16.02,80.92,75.2,83,83,4.79,mist,0.0,0.0
229,Teruel,ES,2019-11-08 19:13:13,40.34,-1.11,55.4,52,50,16.11,scattered clouds,0.0,0.0
230,Coahuayana,MX,2019-11-08 19:10:42,18.62,-100.35,87.31,57,0,1.81,clear sky,0.0,0.0
231,Pueblo Nuevo,AR,2019-11-08 19:13:13,-32.93,-68.73,87.8,22,20,11.41,few clouds,0.0,0.0
232,Vestmannaeyjar,IS,2019-11-08 19:10:23,63.44,-20.27,42.8,75,75,46.08,broken clouds,0.0,0.0
233,Shihezi,CN,2019-11-08 19:10:55,44.3,86.03,40.14,50,10,7.4,clear sky,0.0,0.0
234,Namatanai,PG,2019-11-08 19:10:54,-3.66,152.44,83.26,76,68,7.99,light rain,0.38,0.0
235,Clarksburg,US,2019-11-08 19:10:44,39.24,-77.28,44.01,41,90,9.17,overcast clouds,0.0,0.0
236,Sidmouth,GB,2019-11-08 19:13:14,50.68,-3.24,44.01,86,90,3.36,overcast clouds,0.0,0.0
237,Nishihara,JP,2019-11-08 19:13:14,35.74,139.53,57.99,71,75,16.11,broken clouds,0.0,0.0
238,Touros,BR,2019-11-08 19:10:13,-5.2,-35.46,86.0,51,40,18.34,scattered clouds,0.0,0.0
239,Nuuk,GL,2019-11-08 19:13:14,64.17,-51.74,37.4,44,75,10.29,broken clouds,0.0,0.0
240,Isangel,VU,2019-11-08 19:09:56,-19.55,169.27,68.0,94,20,6.53,few clouds,0.0,0.0
241,Ust-Kuyga,RU,2019-11-08 19:13:15,70.0,135.55,-6.33,97,93,4.99,overcast clouds,0.0,0.0
242,Christchurch,NZ,2019-11-08 19:13:15,-43.53,172.64,66.99,48,100,9.17,overcast clouds,0.0,0.0
243,Candido Mendes,BR,2019-11-08 19:13:15,-1.45,-45.72,86.74,60,90,8.79,overcast clouds,0.0,0.0
244,Saint George,GR,2019-11-08 19:09:54,39.45,22.34,55.4,100,20,9.31,few clouds,0.0,0.0
245,Ajdabiya,LY,2019-11-08 19:13:15,30.75,20.22,68.72,61,0,5.75,clear sky,0.0,0.0
246,Pandoh,IN,2019-11-08 19:13:16,31.67,77.06,52.41,60,17,5.88,few clouds,0.0,0.0
247,Dingle,PH,2019-11-08 19:11:21,11.0,122.67,73.18,87,0,2.26,clear sky,0.0,0.0
248,Nicoya,CR,2019-11-08 19:13:16,10.15,-85.45,86.0,70,75,12.75,broken clouds,0.0,0.0
249,Praia,BR,2019-11-08 19:13:16,-20.25,-43.81,91.4,33,40,5.82,scattered clouds,0.0,0.0
250,Whitehorse,CA,2019-11-08 19:06:21,60.72,-135.06,24.01,79,90,9.17,overcast clouds,0.0,0.0
251,Ostrovnoy,RU,2019-11-08 19:13:17,68.05,39.51,17.56,93,100,7.0,overcast clouds,0.0,0.0
252,Los Llanos De Aridane,ES,2019-11-08 19:09:24,28.66,-17.92,69.8,68,75,18.34,broken clouds,0.0,0.0
253,Tasiilaq,GL,2019-11-08 19:11:31,65.61,-37.64,33.8,80,100,41.38,overcast clouds,0.0,0.0
254,Santa Lucia,IT,2019-11-08 19:13:17,41.98,12.66,59.0,87,75,3.36,light rain,0.0,0.0
255,Kargasok,RU,2019-11-08 19:13:18,59.06,80.87,10.76,87,97,18.28,overcast clouds,0.0,0.0
256,Porterville,US,2019-11-08 19:13:18,36.07,-119.02,75.99,37,1,2.64,haze,0.0,0.0
257,Keffi,NG,2019-11-08 19:13:18,8.85,7.88,80.6,65,47,4.7,scattered clouds,0.0,0.0
258,Hillsborough,US,2019-11-08 19:08:20,37.57,-122.38,71.01,87,75,5.82,mist,0.0,0.0
259,Kavaratti,IN,2019-11-08 19:10:19,10.57,72.64,81.77,74,69,10.29,broken clouds,0.0,0.0
260,Aykhal,RU,2019-11-08 19:13:19,65.95,111.51,-2.21,91,90,8.95,light snow,0.0,0.0
261,Mineiros,BR,2019-11-08 19:13:19,-17.57,-52.55,81.43,60,71,7.49,broken clouds,0.0,0.0
262,Salamanca,MX,2019-11-08 19:13:19,20.57,-101.19,73.4,46,40,12.75,scattered clouds,0.0,0.0
263,Ancud,CL,2019-11-08 19:09:59,-41.87,-73.83,59.0,58,0,8.05,clear sky,0.0,0.0
264,Nago,IT,2019-11-08 19:08:44,45.88,10.89,51.8,93,40,2.24,scattered clouds,0.0,0.0
265,Mae Sai,MM,2019-11-08 19:13:20,20.44,99.89,71.6,100,40,1.72,scattered clouds,0.0,0.0
266,Lerwick,GB,2019-11-08 19:11:16,60.15,-1.15,37.4,52,20,3.36,shower rain,0.0,0.0
267,Cortez,US,2019-11-08 19:13:20,37.35,-108.58,57.99,22,1,12.75,clear sky,0.0,0.0
268,Port Elizabeth,US,2019-11-08 19:08:47,39.31,-74.98,45.0,28,1,12.75,clear sky,0.0,0.0
269,Dzerzhinskoye,RU,2019-11-08 19:13:21,56.84,95.22,33.13,84,100,11.05,overcast clouds,0.0,0.0
270,Mezhdurechenskiy,RU,2019-11-08 19:13:21,59.59,65.91,8.47,93,0,3.71,clear sky,0.0,0.0
271,Portland,US,2019-11-08 19:10:00,43.66,-70.25,35.01,42,1,21.92,clear sky,0.0,0.0
272,Stykkisholmur,IS,2019-11-08 19:13:22,65.08,-22.73,34.88,68,100,11.99,overcast clouds,0.0,0.0
273,Yiyang,CN,2019-11-08 19:13:22,28.59,112.35,57.54,51,50,4.36,scattered clouds,0.0,0.0
274,Broome,GB,2019-11-08 19:11:05,52.47,1.45,46.4,87,75,9.17,light rain,0.0,0.0
275,Cabo San Lucas,MX,2019-11-08 19:06:32,22.89,-109.91,91.99,54,20,9.17,few clouds,0.0,0.0
276,Bereda,ES,2019-11-08 19:10:52,43.27,-7.54,55.99,66,40,5.82,scattered clouds,0.0,0.0
277,Klaksvik,FO,2019-11-08 19:10:05,62.23,-6.59,37.4,69,96,13.87,light rain,0.13,0.0
278,Fallon,US,2019-11-08 19:10:18,46.84,-105.12,53.6,37,1,16.11,clear sky,0.0,0.0
279,Victoria,BN,2019-11-08 19:06:32,5.28,115.24,75.2,94,75,3.36,light rain,0.0,0.0
280,Kavieng,PG,2019-11-08 19:10:49,-2.57,150.8,83.34,77,100,12.08,moderate rain,3.69,0.0
281,Loreto,PY,2019-11-08 19:13:24,-23.27,-57.32,97.9,37,86,2.64,overcast clouds,0.0,0.0
282,Huarmey,PE,2019-11-08 19:11:17,-10.07,-78.15,78.82,46,49,10.51,scattered clouds,0.0,0.0
283,Pisco,PE,2019-11-08 19:10:12,-13.71,-76.2,71.6,30,32,11.41,scattered clouds,0.0,0.0
284,Stromness,CA,2019-11-08 19:13:24,42.87,-79.55,36.0,50,75,11.41,broken clouds,0.0,0.0
285,Khasan,RU,2019-11-08 19:13:24,42.43,130.64,29.01,47,11,5.35,few clouds,0.0,0.0
286,Haines Junction,CA,2019-11-08 19:10:55,60.75,-137.51,22.48,95,97,7.2,light snow,0.0,0.19
287,Nikolskoye,RU,2019-11-08 19:09:45,59.7,30.79,32.0,92,75,4.47,mist,0.0,0.0
288,Fairbanks,US,2019-11-08 19:06:21,64.84,-147.72,15.01,78,1,8.05,clear sky,0.0,0.0
289,Seybaplaya,MX,2019-11-08 19:13:25,19.65,-90.67,86.0,66,75,6.93,broken clouds,0.0,0.0
290,Labuhan,ID,2019-11-08 19:13:27,-2.54,115.51,72.82,94,5,1.88,clear sky,0.0,0.0
291,Zhuhai,CN,2019-11-08 19:13:27,40.71,112.04,32.0,75,12,6.71,mist,0.0,0.0
292,Marzuq,YE,2019-11-08 19:13:27,14.4,46.47,71.02,30,0,3.36,clear sky,0.0,0.0
293,Coquimbo,CL,2019-11-08 19:10:10,-29.95,-71.34,60.8,72,75,9.17,broken clouds,0.0,0.0
294,Valdivia,CL,2019-11-08 19:13:28,-39.81,-73.25,69.8,40,0,5.82,clear sky,0.0,0.0
295,Hualmay,PE,2019-11-08 19:08:43,-11.1,-77.61,72.68,57,3,10.83,clear sky,0.0,0.0
296,Marawi,PH,2019-11-08 19:10:18,8.0,124.29,75.0,85,100,8.01,overcast clouds,0.0,0.0
297,Goiatuba,BR,2019-11-08 19:13:29,-18.02,-49.36,88.97,45,88,2.04,overcast clouds,0.0,0.0
298,Beberibe,BR,2019-11-08 19:13:29,-4.18,-38.13,87.8,48,24,18.34,few clouds,0.0,0.0
299,Lumby,CA,2019-11-08 19:13:29,50.25,-118.97,42.8,75,40,3.36,scattered clouds,0.0,0.0
300,Sangar,RU,2019-11-08 19:13:29,63.92,127.47,-22.46,92,0,3.6,clear sky,0.0,0.0
301,Yerkoy,TR,2019-11-08 19:13:30,39.64,34.47,54.37,36,0,0.94,clear sky,0.0,0.0
302,Winchester,GB,2019-11-08 19:13:30,51.06,-1.31,45.0,75,59,4.7,broken clouds,0.0,0.0
303,Kuching,MY,2019-11-08 19:13:30,1.56,110.34,75.2,94,75,3.36,broken clouds,0.0,0.0
304,Moerai,PF,2019-11-08 19:13:30,-22.43,-151.33,73.4,81,100,11.92,overcast clouds,0.0,0.0
305,Japura,ID,2019-11-08 19:13:30,-0.42,102.29,74.14,97,100,1.59,overcast clouds,0.0,0.0
306,Baiyin,CN,2019-11-08 19:13:30,36.55,104.13,42.8,60,75,4.47,broken clouds,0.0,0.0
307,Lompoc,US,2019-11-08 19:13:31,34.64,-120.46,77.0,60,1,8.05,clear sky,0.0,0.0
308,Fonte Boa,BR,2019-11-08 19:13:31,-2.51,-66.09,93.51,44,96,1.39,overcast clouds,0.0,0.0
309,Mandalgovi,MN,2019-11-08 19:13:31,45.76,106.27,35.83,41,51,14.18,broken clouds,0.0,0.0
310,Alice Springs,AU,2019-11-08 19:11:14,-23.7,133.88,68.0,28,0,10.29,clear sky,0.0,0.0
311,Hay River,CA,2019-11-08 19:13:32,60.82,-115.79,19.4,79,90,18.34,light snow,0.0,0.0
312,Cravo Norte,CO,2019-11-08 19:13:32,6.3,-70.2,89.04,61,18,8.79,light rain,1.31,0.0
313,Ankazoabo,MG,2019-11-08 19:13:32,-22.29,44.51,73.85,44,35,3.38,scattered clouds,0.0,0.0
314,Salmas,IR,2019-11-08 19:11:38,38.2,44.77,39.2,39,0,6.93,clear sky,0.0,0.0
315,Lorengau,PG,2019-11-08 19:10:20,-2.02,147.27,83.28,78,95,9.15,light rain,0.25,0.0
316,Wucheng,CN,2019-11-08 19:13:32,29.09,119.57,52.0,60,0,1.9,clear sky,0.0,0.0
317,Namwala,ZM,2019-11-08 19:13:33,-15.75,26.45,82.13,30,63,4.0,broken clouds,0.0,0.0
318,Anchorage,US,2019-11-08 19:10:16,61.22,-149.89,41.0,100,75,7.49,broken clouds,0.0,0.0
319,Mersing,MY,2019-11-08 19:13:33,2.43,103.84,79.92,73,100,7.23,overcast clouds,0.0,0.0
320,Chapais,CA,2019-11-08 19:13:33,49.78,-74.86,17.6,67,90,10.29,light snow,0.0,0.0
321,Te Anau,NZ,2019-11-08 19:10:22,-45.41,167.72,49.66,98,100,5.17,moderate rain,9.06,0.0
322,Cayenne,GF,2019-11-08 19:09:03,4.94,-52.33,82.4,83,29,19.46,moderate rain,0.0,0.0
323,Carira,BR,2019-11-08 19:13:34,-10.36,-37.7,88.29,41,100,18.12,overcast clouds,0.0,0.0
324,Auki,NG,2019-11-08 19:10:58,12.18,6.51,82.96,21,10,5.73,clear sky,0.0,0.0
325,Nonthaburi,TH,2019-11-08 19:13:35,13.86,100.51,80.6,69,20,5.82,few clouds,0.0,0.0
326,Dezhou,CN,2019-11-08 19:13:35,37.45,116.31,50.43,71,0,3.51,clear sky,0.0,0.0
327,Fort Saint James,CA,2019-11-08 19:13:36,54.43,-124.25,39.61,92,100,3.29,overcast clouds,0.0,0.0
328,Hit,IQ,2019-11-08 19:13:36,33.64,42.83,71.2,17,0,8.59,clear sky,0.0,0.0
329,Bambanglipuro,ID,2019-11-08 19:09:18,-7.95,110.28,72.37,85,77,2.64,broken clouds,0.0,0.0
330,Olinda,AU,2019-11-08 19:13:36,-37.84,145.39,48.0,81,40,13.87,scattered clouds,0.0,0.0
331,Wuxue,CN,2019-11-08 19:13:36,29.85,115.56,54.21,66,0,4.07,clear sky,0.0,0.0
332,Cartagena,ES,2019-11-08 19:13:37,37.63,-1.0,59.0,42,0,6.93,clear sky,0.0,0.0
333,Zyryanka,RU,2019-11-08 19:13:37,65.73,150.89,-5.84,97,99,10.63,overcast clouds,0.0,0.0
334,Paamiut,GL,2019-11-08 19:10:37,61.99,-49.67,41.11,50,94,13.51,overcast clouds,0.0,0.0
335,El Tigre,VE,2019-11-08 19:13:37,8.89,-64.25,88.97,54,23,10.38,few clouds,0.0,0.0
336,Aquiraz,BR,2019-11-08 19:11:24,-3.9,-38.39,87.8,48,14,18.34,few clouds,0.0,0.0
337,Doha,QA,2019-11-08 19:08:49,25.29,51.53,82.4,65,29,5.82,scattered clouds,0.0,0.0
338,Tilichiki,RU,2019-11-08 19:13:38,60.47,166.1,16.92,77,72,10.25,broken clouds,0.0,0.0
339,Bilibino,RU,2019-11-08 19:10:31,68.06,166.44,1.92,77,11,2.46,few clouds,0.0,0.0
340,Alzamay,RU,2019-11-08 19:13:38,55.55,98.67,33.76,82,100,6.69,overcast clouds,0.0,0.0
341,Washington,US,2019-11-08 19:12:30,38.9,-77.04,44.6,38,75,14.99,moderate rain,0.0,0.0
342,Husavik,CA,2019-11-08 19:10:32,50.56,-96.99,28.0,75,100,4.0,overcast clouds,0.0,0.0
343,Lumberton,US,2019-11-08 19:13:39,30.27,-94.2,53.01,87,90,10.29,light rain,0.0,0.0
344,Atambua,ID,2019-11-08 19:13:39,-9.11,124.89,74.39,79,0,2.93,clear sky,0.0,0.0
345,Taoudenni,ML,2019-11-08 19:09:59,22.68,-3.98,78.13,14,76,4.56,broken clouds,0.0,0.0
346,Aktau,KZ,2019-11-08 19:13:40,43.65,51.16,44.6,70,0,8.95,clear sky,0.0,0.0
347,Gayny,RU,2019-11-08 19:13:40,60.3,54.33,6.51,95,0,2.95,clear sky,0.0,0.0
348,Imeni Poliny Osipenko,RU,2019-11-08 19:13:40,52.42,136.49,16.12,48,62,2.73,broken clouds,0.0,0.0
349,Gazojak,TM,2019-11-08 19:13:40,41.19,61.4,49.35,23,0,8.34,clear sky,0.0,0.0
350,Manggar,ID,2019-11-08 19:13:41,-2.88,108.27,83.39,69,0,6.42,clear sky,0.0,0.0
351,Borgarnes,IS,2019-11-08 19:13:41,64.54,-21.92,39.2,64,20,28.86,few clouds,0.0,0.0
352,Tiksi,RU,2019-11-08 19:10:48,71.64,128.87,-14.41,91,100,7.74,overcast clouds,0.0,0.0
353,Kudahuvadhoo,MV,2019-11-08 19:13:42,2.67,72.89,82.35,78,5,13.02,light rain,1.5,0.0
354,Grindavik,IS,2019-11-08 19:13:42,63.84,-22.43,41.0,73,90,36.91,overcast clouds,0.0,0.0
355,Calama,CL,2019-11-08 19:13:42,-22.46,-68.93,81.0,9,0,20.8,clear sky,0.0,0.0
356,Yarada,IN,2019-11-08 19:13:42,17.65,83.27,73.4,88,75,5.82,mist,0.0,0.0
357,Leh,IN,2019-11-08 19:13:43,34.16,77.58,18.34,88,97,0.18,light snow,0.0,0.38
358,Norman Wells,CA,2019-11-08 19:10:28,65.28,-126.83,12.2,72,90,6.93,light snow,0.0,0.0
359,Namie,JP,2019-11-08 19:13:44,37.52,140.86,41.0,79,0,4.68,clear sky,0.0,0.0
360,Ugoofaaru,MV,2019-11-08 19:10:58,5.67,73.0,82.74,74,93,7.87,light rain,2.63,0.0
361,Pa Sang,TH,2019-11-08 19:13:44,18.53,98.94,73.4,94,20,0.67,few clouds,0.0,0.0
362,Cacu,BR,2019-11-08 19:13:44,-18.56,-51.13,90.93,41,81,8.75,broken clouds,0.0,0.0
363,Chelbasskaya,RU,2019-11-08 19:13:44,45.98,39.37,59.81,55,33,3.85,scattered clouds,0.0,0.0
364,Varhaug,NO,2019-11-08 19:13:45,58.61,5.65,33.01,74,0,4.05,clear sky,0.0,0.0
365,Leningradskiy,RU,2019-11-08 19:11:11,69.38,178.42,17.47,78,0,10.87,clear sky,0.0,0.0
366,Mount Gambier,AU,2019-11-08 19:10:12,-37.83,140.78,42.8,93,40,6.93,scattered clouds,0.0,0.0
367,Lata,IN,2019-11-08 19:10:08,30.78,78.62,23.77,74,9,5.88,clear sky,0.0,0.0
368,Dawlatabad,AF,2019-11-08 19:13:45,36.41,64.91,48.7,43,0,3.91,clear sky,0.0,0.0
369,Port Lincoln,AU,2019-11-08 19:10:31,-34.72,135.86,49.21,70,56,9.69,broken clouds,0.0,0.0
370,Missoula,US,2019-11-08 19:13:46,46.87,-114.0,42.8,60,1,4.03,clear sky,0.0,0.0
371,Rehoboth,NA,2019-11-08 19:13:46,-23.31,17.08,78.55,7,30,19.73,scattered clouds,0.0,0.0
372,Srednekolymsk,RU,2019-11-08 19:13:46,67.46,153.71,-2.13,98,86,3.51,overcast clouds,0.0,0.0
373,Resistencia,AR,2019-11-08 19:13:46,-27.45,-58.99,89.6,55,75,6.93,broken clouds,0.0,0.0
374,Nisia Floresta,BR,2019-11-08 19:13:47,-6.09,-35.21,86.0,55,40,21.92,scattered clouds,0.0,0.0
375,Nizhniy Tagil,RU,2019-11-08 19:10:08,57.92,59.97,14.07,88,0,0.78,clear sky,0.0,0.0
376,Gweta,BW,2019-11-08 19:13:47,-20.21,25.26,92.64,17,11,7.52,few clouds,0.0,0.0
377,Khani,GE,2019-11-08 19:13:47,41.96,42.96,53.6,66,0,6.93,clear sky,0.0,0.0
378,Bathsheba,BB,2019-11-08 19:10:27,13.22,-59.52,86.0,74,75,14.99,shower rain,0.0,0.0
379,Grants Pass,US,2019-11-08 19:13:48,42.44,-123.33,59.0,66,1,1.63,clear sky,0.0,0.0
380,Turayf,SA,2019-11-08 19:13:49,31.68,38.65,62.6,55,0,11.41,clear sky,0.0,0.0
381,General Jose Eduvigis Diaz,PY,2019-11-08 19:13:49,-27.17,-58.42,89.6,55,40,8.05,scattered clouds,0.0,0.0
382,Wageningen,NL,2019-11-08 19:13:50,51.98,5.66,44.01,93,2,1.12,clear sky,0.0,0.0
383,Deputatskiy,RU,2019-11-08 19:13:50,69.3,139.9,-8.16,92,84,2.55,broken clouds,0.0,0.0
384,Bubaque,GW,2019-11-08 19:10:41,11.28,-15.83,84.6,61,0,10.36,clear sky,0.0,0.0
385,North Bend,US,2019-11-08 19:13:50,43.41,-124.22,48.99,100,90,1.97,mist,0.0,0.0
386,Biak,ID,2019-11-08 19:13:50,-0.91,122.88,81.95,71,15,10.29,few clouds,0.0,0.0
387,Luwuk,ID,2019-11-08 19:13:50,-0.95,122.79,81.95,71,15,10.29,few clouds,0.0,0.0
388,Mnogovershinnyy,RU,2019-11-08 19:13:51,53.94,139.92,12.33,94,99,9.33,light snow,0.0,0.19
389,Ossora,RU,2019-11-08 19:10:06,59.24,163.07,34.72,94,100,31.16,light snow,0.0,1.0
390,Ambon,FR,2019-11-08 19:10:50,47.55,-2.56,50.0,93,75,5.82,light rain,0.0,0.0
391,Damghan,IR,2019-11-08 19:13:51,36.17,54.34,52.16,24,0,3.74,clear sky,0.0,0.0
392,Grand Gaube,MU,2019-11-08 19:09:59,-20.01,57.66,71.6,73,20,5.82,few clouds,0.0,0.0
393,Port Hardy,CA,2019-11-08 19:10:33,50.7,-127.42,50.0,81,90,8.05,overcast clouds,0.0,0.0
394,Manaquiri,BR,2019-11-08 19:13:51,-3.43,-60.46,80.6,94,75,3.36,thunderstorm with light rain,0.0,0.0
395,Mayo,CA,2019-11-08 19:09:05,63.59,-135.9,6.8,65,20,5.82,few clouds,0.0,0.0
396,Noumea,NC,2019-11-08 19:10:02,-22.28,166.46,73.0,93,40,1.12,scattered clouds,0.0,0.0
397,Novyy Urengoy,RU,2019-11-08 19:10:58,66.08,76.63,-7.43,97,99,13.76,overcast clouds,0.0,0.0
398,Nyurba,RU,2019-11-08 19:13:52,63.29,118.35,-2.44,93,75,6.02,broken clouds,0.0,0.0
399,Laguna,BZ,2019-11-08 19:11:19,16.17,-88.94,78.8,88,75,4.7,broken clouds,0.0,0.0
400,Napier,NZ,2019-11-08 19:13:52,-39.49,176.92,61.27,80,0,10.54,clear sky,0.0,0.0
401,Chifeng,CN,2019-11-08 19:09:40,42.27,118.96,32.52,53,5,3.09,clear sky,0.0,0.0
402,Guerrero Negro,MX,2019-11-08 19:10:58,27.97,-114.04,78.1,42,54,9.1,broken clouds,0.0,0.0
403,Hofn,IS,2019-11-08 19:13:53,64.25,-15.21,37.4,69,90,13.87,light intensity shower rain,0.0,0.0
404,Narsaq,GL,2019-11-08 19:10:33,60.91,-46.05,44.6,26,75,17.22,broken clouds,0.0,0.0
405,Sao Filipe,CV,2019-11-08 19:08:32,14.9,-24.5,74.16,80,100,17.85,overcast clouds,0.0,0.0
406,Guangyuan,CN,2019-11-08 19:13:53,32.43,105.86,52.41,91,100,2.8,light rain,0.19,0.0
407,Porangatu,BR,2019-11-08 19:13:54,-13.44,-49.14,101.07,26,74,1.79,broken clouds,0.0,0.0
408,Alofi,NU,2019-11-08 19:13:54,-19.06,-169.92,77.0,83,75,10.29,broken clouds,0.0,0.0
409,Marienburg,DE,2019-11-08 19:13:54,52.12,9.98,46.0,87,20,1.12,light rain,0.0,0.0
410,Anshun,CN,2019-11-08 19:13:54,26.25,105.93,53.19,82,100,3.15,overcast clouds,0.0,0.0
411,Salinas,US,2019-11-08 19:13:55,36.67,-121.66,68.0,67,1,4.7,clear sky,0.0,0.0
412,Nizhniy Chir,RU,2019-11-08 19:13:55,48.36,43.08,55.09,61,83,4.54,broken clouds,0.0,0.0
413,Jadu,LY,2019-11-08 19:13:55,31.95,12.03,63.75,37,49,2.57,scattered clouds,0.0,0.0
414,Koyelga,RU,2019-11-08 19:13:55,54.65,60.9,28.65,84,100,10.69,overcast clouds,0.0,0.0
415,Bouna,CI,2019-11-08 19:13:56,9.27,-3.0,85.01,43,36,3.0,scattered clouds,0.0,0.0
416,Beaufort,MY,2019-11-08 19:13:56,5.36,115.76,75.2,94,75,3.36,light rain,0.0,0.0
417,Nalut,LY,2019-11-08 19:13:56,31.86,10.98,65.05,29,73,5.23,broken clouds,0.0,0.0
418,San Patricio,PY,2019-11-08 19:09:46,-26.98,-56.83,91.58,51,24,1.23,few clouds,0.0,0.0
419,Takab,IR,2019-11-08 19:13:56,36.4,47.11,41.13,28,0,4.34,clear sky,0.0,0.0
420,Save,BJ,2019-11-08 19:13:57,8.04,2.49,84.38,58,30,3.44,scattered clouds,0.0,0.0
421,Ambulu,ID,2019-11-08 19:13:57,-8.35,113.61,79.86,77,0,1.21,clear sky,0.0,0.0
422,Arlit,NE,2019-11-08 19:10:48,18.74,7.39,90.79,10,0,3.47,clear sky,0.0,0.0
423,Buluang,PH,2019-11-08 19:13:57,10.47,123.98,77.0,88,20,3.36,few clouds,0.0,0.0
424,Serpneve,UA,2019-11-08 19:13:57,46.3,29.02,57.56,92,14,9.95,few clouds,0.0,0.0
425,San Vicente,EC,2019-11-08 19:13:58,-0.59,-80.41,80.6,78,75,10.29,broken clouds,0.0,0.0
426,Shimoda,JP,2019-11-08 19:10:30,34.7,138.93,55.0,79,49,1.99,light rain,1.31,0.0
427,Tura,RU,2019-11-08 19:13:58,64.27,100.22,9.7,87,100,3.27,overcast clouds,0.0,0.0
428,Auckland,NZ,2019-11-08 19:11:12,-36.85,174.77,66.0,88,98,13.87,light rain,0.37,0.0
429,Upernavik,GL,2019-11-08 19:09:56,72.79,-56.15,4.98,64,0,7.7,clear sky,0.0,0.0
430,Umm Lajj,SA,2019-11-08 19:13:58,25.02,37.27,77.31,71,67,4.25,broken clouds,0.0,0.0
431,Kiyasovo,RU,2019-11-08 19:13:58,56.35,53.12,27.0,88,99,5.01,overcast clouds,0.0,0.0
432,Port Blair,IN,2019-11-08 19:13:59,11.67,92.75,81.99,78,92,8.19,light rain,1.06,0.0
433,Tigil,RU,2019-11-08 19:10:16,57.8,158.67,35.44,78,99,21.9,overcast clouds,0.0,0.0
434,Gimli,CA,2019-11-08 19:09:01,50.63,-96.99,28.0,75,100,4.0,overcast clouds,0.0,0.0
435,Lavrentiya,RU,2019-11-08 19:10:24,65.58,-170.99,27.28,94,49,23.89,snow,0.0,1.63
436,Luganville,VU,2019-11-08 19:13:59,-15.51,167.18,73.4,100,40,2.24,scattered clouds,0.0,0.0
437,Saint Paul,US,2019-11-08 19:11:57,44.95,-93.1,33.8,54,75,16.11,broken clouds,0.0,0.0
438,Lavumisa,ZA,2019-11-08 19:13:59,-27.31,31.88,66.2,88,100,3.36,light rain,0.94,0.0
439,Bandarban,BD,2019-11-08 19:14:00,22.2,92.22,73.47,89,100,3.44,overcast clouds,0.0,0.0
440,Novopskov,UA,2019-11-08 19:14:00,49.54,39.1,48.51,86,100,10.27,overcast clouds,0.0,0.0
441,Loandjili,CG,2019-11-08 19:14:00,-4.77,11.87,82.4,88,75,9.17,broken clouds,0.0,0.0
442,Harrison,US,2019-11-08 19:14:01,39.26,-84.82,37.99,43,75,3.83,broken clouds,0.0,0.0
443,Jumla,NP,2019-11-08 19:14:01,29.28,82.18,37.6,77,0,4.27,clear sky,0.0,0.0
444,Key Biscayne,US,2019-11-08 19:09:13,25.69,-80.16,88.0,58,75,9.17,broken clouds,0.0,0.0
445,Lenger,KZ,2019-11-08 19:14:01,42.18,69.89,39.2,80,0,2.24,mist,0.0,0.0
446,Ertil,RU,2019-11-08 19:14:02,51.84,40.8,44.71,85,72,9.04,broken clouds,0.0,0.0
447,Taybad,IR,2019-11-08 19:14:03,34.74,60.78,46.83,38,0,13.89,clear sky,0.0,0.0
448,Doraha,IN,2019-11-08 19:14:03,30.8,76.04,67.14,44,0,8.21,clear sky,0.0,0.0
449,Loa Janan,ID,2019-11-08 19:14:04,-0.58,117.09,74.21,97,0,1.54,clear sky,0.0,0.0
450,Ilo,PE,2019-11-08 19:14:04,-17.65,-71.34,69.8,73,75,8.05,broken clouds,0.0,0.0
451,Sulangan,PH,2019-11-08 19:10:49,11.14,123.72,81.46,77,0,7.25,light rain,0.56,0.0
452,Sandy Bay,AU,2019-11-08 19:14:05,-42.9,147.33,42.8,70,40,14.99,scattered clouds,0.0,0.0
453,Diffa,NE,2019-11-08 19:14:05,13.32,12.61,87.62,13,57,10.22,broken clouds,0.0,0.0
454,Ulaanbaatar,MN,2019-11-08 19:14:05,47.92,106.92,26.6,68,40,4.47,scattered clouds,0.0,0.0
455,Krasnoarmeysk,RU,2019-11-08 19:14:05,56.12,38.15,41.0,100,90,6.71,mist,0.0,0.0
456,Stonehaven,GB,2019-11-08 19:14:05,56.96,-2.22,34.0,86,20,2.24,few clouds,0.0,0.0
457,Alamosa,US,2019-11-08 19:14:06,37.47,-105.87,55.0,23,1,2.24,clear sky,0.0,0.0
458,Jerantut,MY,2019-11-08 19:14:06,3.94,102.37,73.76,92,100,2.68,overcast clouds,0.0,0.0
459,Katobu,ID,2019-11-08 19:10:26,-4.94,122.53,73.72,89,0,1.52,clear sky,0.0,0.0
460,Tuatapere,NZ,2019-11-08 19:09:54,-46.13,167.69,54.0,92,100,1.99,light rain,2.81,0.0
461,Yuli,CN,2019-11-08 19:14:07,24.82,106.77,52.92,83,3,1.19,clear sky,0.0,0.0
462,Valencia,ES,2019-11-08 19:12:34,39.47,-0.38,61.0,38,18,13.87,few clouds,0.0,0.0
463,Verkhnevilyuysk,RU,2019-11-08 19:14:07,63.45,120.31,-3.21,91,54,6.67,broken clouds,0.0,0.0
464,Bandarbeyla,SO,2019-11-08 19:10:37,9.49,50.81,81.09,78,0,14.41,clear sky,0.0,0.0
465,Beyneu,KZ,2019-11-08 19:14:07,45.32,55.19,47.95,46,40,9.31,scattered clouds,0.0,0.0
466,Poum,MK,2019-11-08 19:10:21,41.28,20.71,53.6,81,20,4.7,few clouds,0.0,0.0
467,Makhinjauri,GE,2019-11-08 19:14:08,41.67,41.69,60.8,59,13,14.99,few clouds,0.0,0.0
468,Juneau,US,2019-11-08 19:10:34,58.3,-134.42,41.0,93,90,4.7,mist,0.0,0.0
469,Alvaraes,BR,2019-11-08 19:14:08,-3.22,-64.8,86.0,74,40,3.36,shower rain,0.0,0.0
470,Havre,US,2019-11-08 19:12:59,48.55,-109.68,48.99,65,1,19.46,clear sky,0.0,0.0
471,Sankt Johann Im Pongau,AT,2019-11-08 19:14:08,47.35,13.2,44.6,81,75,3.36,broken clouds,0.0,0.0
472,La Ronge,CA,2019-11-08 19:11:30,55.1,-105.3,19.4,79,90,2.24,light snow,0.0,0.0
473,Lasa,CY,2019-11-08 19:10:02,34.92,32.53,69.8,63,0,9.17,clear sky,0.0,0.0
474,Oranjemund,ZA,2019-11-08 19:10:25,-28.55,16.43,61.43,75,40,7.72,scattered clouds,0.0,0.0
475,Mayskiy,RU,2019-11-08 19:14:09,43.63,44.06,44.6,81,0,0.45,clear sky,0.0,0.0
476,Margherita,IN,2019-11-08 19:14:09,27.29,95.67,68.49,83,90,1.97,overcast clouds,0.0,0.0
477,Pitkyaranta,RU,2019-11-08 19:14:10,61.57,31.48,29.79,95,100,7.43,light snow,0.0,0.12
478,Soyo,AO,2019-11-08 19:14:10,-6.13,12.37,80.6,80,34,9.55,scattered clouds,0.0,0.0
479,Anadyr,RU,2019-11-08 19:10:38,64.73,177.51,6.8,84,0,8.95,clear sky,0.0,0.0
480,Opunake,NZ,2019-11-08 19:14:10,-39.45,173.86,63.0,95,26,5.86,scattered clouds,0.0,0.0
481,George Town,MY,2019-11-08 19:14:10,5.42,100.33,80.6,88,75,3.91,broken clouds,0.0,0.0
482,Sungaipenuh,ID,2019-11-08 19:14:11,-2.08,101.38,61.66,93,100,1.28,overcast clouds,0.0,0.0
483,Vestmanna,FO,2019-11-08 19:14:11,62.16,-7.17,37.4,69,93,13.87,overcast clouds,0.0,0.0
484,Borogontsy,RU,2019-11-08 19:14:11,62.67,131.17,-23.18,99,71,1.32,broken clouds,0.0,0.0
485,Havre-Saint-Pierre,CA,2019-11-08 19:14:11,50.23,-63.6,32.0,49,1,5.82,clear sky,0.0,0.0
486,Marystown,CA,2019-11-08 19:14:11,47.17,-55.16,51.01,2,100,13.0,overcast clouds,0.0,0.0
487,Adrar,DZ,2019-11-08 19:09:58,27.87,-0.29,73.4,20,0,11.41,clear sky,0.0,0.0
488,Belmonte,PT,2019-11-08 19:11:28,40.36,-7.35,51.01,74,2,5.61,clear sky,0.0,0.0
489,Manokwari,ID,2019-11-08 19:10:40,-0.87,134.08,74.1,79,80,5.23,light rain,0.13,0.0
490,Houma,CN,2019-11-08 19:14:12,35.63,111.36,49.69,67,25,5.26,scattered clouds,0.0,0.0
491,Jutai,BR,2019-11-08 19:14:12,-1.71,-47.89,95.49,41,64,2.1,broken clouds,0.0,0.0
492,Harper,US,2019-11-08 19:10:39,30.3,-99.24,46.99,87,90,9.17,overcast clouds,0.0,0.0
493,Atar,MR,2019-11-08 19:11:14,20.52,-13.05,86.0,20,96,8.48,overcast clouds,0.0,0.0
494,Manoel Urbano,BR,2019-11-08 19:14:12,-8.84,-69.26,88.03,52,95,4.76,overcast clouds,0.0,0.0
495,Nador,MA,2019-11-08 19:14:13,35.17,-2.93,60.8,55,20,16.11,few clouds,0.0,0.0
496,Mayumba,GA,2019-11-08 19:11:47,-3.44,10.65,81.46,84,100,13.73,overcast clouds,0.0,0.0
497,Taltal,CL,2019-11-08 19:14:13,-25.41,-70.49,60.85,66,8,6.46,clear sky,0.0,0.0
498,Boone,US,2019-11-08 19:14:13,36.22,-81.67,52.0,43,1,9.17,clear sky,0.0,0.0
499,Chara,GR,2019-11-08 19:09:41,39.42,22.43,55.4,100,20,9.31,few clouds,0.0,0.0
500,Lewistown,US,2019-11-08 19:14:13,40.39,-90.15,34.0,46,1,5.82,clear sky,0.0,0.0
501,Rambha,IN,2019-11-08 19:14:14,19.52,85.09,72.97,71,100,10.45,overcast clouds,0.0,0.0
502,Beloha,MG,2019-11-08 19:09:24,-25.17,45.06,70.77,78,0,2.89,clear sky,0.0,0.0
503,Ostersund,SE,2019-11-08 19:14:14,63.18,14.64,24.01,92,40,8.05,scattered clouds,0.0,0.0
504,Tabuk,PH,2019-11-08 19:14:15,17.41,121.44,71.44,97,97,9.95,heavy intensity rain,21.06,0.0
505,Linxia,CN,2019-11-08 19:14:15,35.6,103.21,40.06,76,99,5.82,overcast clouds,0.0,0.0
506,Mingaora,PK,2019-11-08 19:14:15,34.78,72.36,41.72,41,0,8.63,clear sky,0.0,0.0
507,Ingham,AU,2019-11-08 19:14:15,-18.65,146.16,65.32,67,0,2.46,clear sky,0.0,0.0
508,Amahai,ID,2019-11-08 19:10:32,-3.31,129.0,81.0,88,22,6.26,few clouds,0.0,0.0
509,Hovd,NO,2019-11-08 19:09:48,63.83,10.7,28.99,68,75,9.17,broken clouds,0.0,0.0
510,Pacific Grove,US,2019-11-08 19:08:00,36.62,-121.92,66.0,67,1,4.7,clear sky,0.0,0.0
511,Kieta,PG,2019-11-08 19:10:22,-6.22,155.63,80.55,80,48,5.88,scattered clouds,0.0,0.0
512,Karibib,NA,2019-11-08 19:14:16,-21.94,15.86,74.34,16,0,14.45,clear sky,0.0,0.0
513,Mahibadhoo,MV,2019-11-08 19:14:16,3.78,72.97,81.61,77,93,8.86,light rain,1.06,0.0
514,Carutapera,BR,2019-11-08 19:14:16,-1.2,-46.02,82.8,73,80,12.68,broken clouds,0.0,0.0
515,Floro,NO,2019-11-08 19:14:17,61.6,5.03,36.0,63,0,5.82,clear sky,0.0,0.0
516,Aden,YE,2019-11-08 19:12:23,12.79,45.03,80.85,59,0,8.23,clear sky,0.0,0.0
517,Enumclaw,US,2019-11-08 19:14:17,47.2,-121.99,54.0,87,1,1.63,clear sky,0.0,0.0
518,Ginir,ET,2019-11-08 19:14:17,7.14,40.71,57.79,95,47,2.98,light rain,0.63,0.0
519,Rocha,UY,2019-11-08 19:09:58,-34.48,-54.34,66.63,66,7,11.63,clear sky,0.0,0.0
520,Saint-Francois,FR,2019-11-08 19:14:18,46.42,3.91,39.2,93,88,3.02,overcast clouds,0.0,0.0
521,Kasempa,ZM,2019-11-08 19:14:18,-13.46,25.83,70.12,70,81,3.87,light rain,0.75,0.0
522,Erzin,TR,2019-11-08 19:14:18,36.95,36.2,72.0,59,0,6.93,clear sky,0.0,0.0
523,Qaqortoq,GL,2019-11-08 19:14:18,60.72,-46.03,44.6,26,75,17.22,broken clouds,0.0,0.0
524,Sarakhs,TM,2019-11-08 19:14:18,36.54,61.16,41.02,58,0,1.28,clear sky,0.0,0.0
525,Kokopo,PG,2019-11-08 19:14:19,-4.34,152.27,82.45,78,75,5.66,broken clouds,0.0,0.0
526,Jizan,SA,2019-11-08 19:14:19,16.89,42.56,86.0,70,0,3.36,clear sky,0.0,0.0
527,Vung Tau,VN,2019-11-08 19:14:19,10.35,107.08,77.63,82,100,2.95,light rain,0.13,0.0
528,Minab,IR,2019-11-08 19:14:19,27.15,57.07,78.8,54,11,2.24,few clouds,0.0,0.0
529,Atherton,AU,2019-11-08 19:14:20,-17.27,145.48,69.01,93,1,3.15,clear sky,0.0,0.0
530,Muros,ES,2019-11-08 19:09:48,42.77,-9.06,53.01,93,75,2.24,broken clouds,0.0,0.0
531,Aksarka,RU,2019-11-08 19:11:46,66.56,67.8,3.87,83,52,6.82,broken clouds,0.0,0.0
532,Zhigansk,RU,2019-11-08 19:10:26,66.77,123.37,-20.19,96,31,10.2,scattered clouds,0.0,0.0
533,Kloulklubed,PW,2019-11-08 19:14:21,7.04,134.26,78.8,88,75,5.82,broken clouds,0.0,0.0
534,Aqtobe,KZ,2019-11-08 19:10:56,50.28,57.21,41.0,56,75,11.18,broken clouds,0.0,0.0
535,Mosquera,CO,2019-11-08 19:14:21,4.71,-74.23,68.0,42,40,9.17,scattered clouds,0.0,0.0
536,Great Yarmouth,GB,2019-11-08 19:14:22,52.61,1.73,46.4,87,75,9.17,broken clouds,0.0,0.0
537,Candido De Abreu,BR,2019-11-08 19:14:22,-24.57,-51.33,79.36,80,97,0.78,moderate rain,5.0,0.0
538,Aleksin,RU,2019-11-08 19:14:22,54.5,37.07,35.6,93,48,2.24,scattered clouds,0.0,0.0
539,Pavlogradka,RU,2019-11-08 19:14:22,54.2,73.56,29.07,80,99,15.3,overcast clouds,0.0,0.0
540,Sur,OM,2019-11-08 19:14:22,22.57,59.53,75.11,46,0,2.95,clear sky,0.0,0.0
541,Avera,US,2019-11-08 19:14:23,33.19,-82.53,64.4,39,1,9.17,clear sky,0.0,0.0
542,Vila,IT,2019-11-08 19:14:23,45.18,8.4,51.01,93,75,8.05,broken clouds,0.0,0.0
543,Blagoveshchenka,RU,2019-11-08 19:14:23,52.83,79.87,41.13,85,100,19.95,light rain,0.63,0.0
544,Uribia,CO,2019-11-08 19:14:23,11.71,-72.27,89.15,54,29,17.38,scattered clouds,0.0,0.0
545,Jalu,LY,2019-11-08 19:14:24,29.03,21.55,70.16,42,0,6.87,clear sky,0.0,0.0
546,Mahina,ML,2019-11-08 19:14:24,13.76,-10.85,96.46,16,59,4.47,broken clouds,0.0,0.0
547,Puerto Del Rosario,ES,2019-11-08 19:11:16,28.5,-13.86,69.8,64,40,31.09,scattered clouds,0.0,0.0
548,Shaki,AM,2019-11-08 19:14:24,39.56,46.0,44.6,70,0,1.01,clear sky,0.0,0.0
549,Hobyo,SO,2019-11-08 19:10:43,5.35,48.53,81.09,75,25,9.78,scattered clouds,0.0,0.0
550,Okha,RU,2019-11-08 19:14:25,53.59,142.95,24.35,84,99,23.38,light snow,0.0,0.25
551,Lages,BR,2019-11-08 19:14:25,-27.82,-50.33,80.01,99,25,7.0,scattered clouds,0.0,0.0
552,Lermontovka,RU,2019-11-08 19:14:25,47.15,134.34,16.09,57,0,9.33,clear sky,0.0,0.0
553,Santa Isabel,MX,2019-11-08 19:14:25,32.63,-115.58,86.0,7,1,5.75,clear sky,0.0,0.0
554,Ahuimanu,US,2019-11-08 19:10:23,21.44,-157.84,80.01,83,90,3.36,overcast clouds,0.0,0.0
555,Dmitriyevka,GE,2019-11-08 19:14:26,43.08,41.0,62.01,40,11,5.99,few clouds,0.0,0.0
556,Shirokiy,RU,2019-11-08 19:14:26,53.87,39.17,39.0,100,22,1.01,few clouds,0.0,0.0
557,Sault Sainte Marie,CA,2019-11-08 19:14:26,46.49,-84.36,28.4,68,75,5.82,broken clouds,0.0,0.0
558,Namuac,PH,2019-11-08 19:14:27,18.61,121.17,71.2,97,100,7.31,moderate rain,6.25,0.0
559,Duiwelskloof,ZA,2019-11-08 19:14:27,-23.69,30.14,68.23,73,37,17.78,scattered clouds,0.0,0.0
560,Bo Rai,TH,2019-11-08 19:14:27,12.57,102.54,84.0,98,90,4.9,overcast clouds,0.0,0.0
561,Chilca,PE,2019-11-08 19:14:28,-13.22,-72.34,60.8,48,75,9.17,broken clouds,0.0,0.0
562,Baker City,US,2019-11-08 19:14:28,44.77,-117.83,54.0,37,1,24.16,clear sky,0.0,0.0
563,Oshawa,CA,2019-11-08 19:14:28,43.92,-78.86,32.0,68,75,8.05,broken clouds,0.0,0.0
